Date,Benchmark,Price Index,1 Month +/-,6 Month +/-,1 Year +/-,3 Year +/-,5 Year +/-
2005-01,Residential - All Types,,,,,,
2005-01,"$327,600",100.0,0.0,0.0,0.0,0.0,0.0
2005-01,Detached,,,,,,
2005-01,"$455,600",100.0,0.0,0.0,0.0,0.0,0.0
2005-01,Townhouse,,,,,,
2005-01,"$261,900",100.0,0.0,0.0,0.0,0.0,0.0
2005-01,Apartment,,,,,,
2005-01,"$199,300",100.0,0.0,0.0,0.0,0.0,0.0
2005-02,Residential - All Types,,,,,,
2005-02,"$330,600",100.9,0.9,0.0,0.0,0.0,0.0
2005-02,Detached,,,,,,
2005-02,"$459,200",100.8,0.8,0.0,0.0,0.0,0.0
2005-02,Townhouse,,,,,,
2005-02,"$264,000",100.8,0.8,0.0,0.0,0.0,0.0
2005-02,Apartment,,,,,,
2005-02,"$202,000",101.4,1.4,0.0,0.0,0.0,0.0
2005-03,Residential - All Types,,,,,,
2005-03,"$334,200",102.0,1.1,0.0,0.0,0.0,0.0
2005-03,Detached,,,,,,
2005-03,"$462,700",101.6,0.8,0.0,0.0,0.0,0.0
2005-03,Townhouse,,,,,,
2005-03,"$266,000",101.6,0.8,0.0,0.0,0.0,0.0
2005-03,Apartment,,,,,,
2005-03,"$206,300",103.5,2.1,0.0,0.0,0.0,0.0
2005-04,Residential - All Types,,,,,,
2005-04,"$337,000",102.9,0.9,0.0,0.0,0.0,0.0
2005-04,Detached,,,,,,
2005-04,"$466,400",102.4,0.8,0.0,0.0,0.0,0.0
2005-04,Townhouse,,,,,,
2005-04,"$268,200",102.4,0.8,0.0,0.0,0.0,0.0
2005-04,Apartment,,,,,,
2005-04,"$208,300",104.5,1.0,0.0,0.0,0.0,0.0
2005-05,Residential - All Types,,,,,,
2005-05,"$339,900",103.8,0.9,0.0,0.0,0.0,0.0
2005-05,Detached,,,,,,
2005-05,"$470,000",103.2,0.8,0.0,0.0,0.0,0.0
2005-05,Townhouse,,,,,,
2005-05,"$270,300",103.2,0.8,0.0,0.0,0.0,0.0
2005-05,Apartment,,,,,,
2005-05,"$211,000",105.9,1.3,0.0,0.0,0.0,0.0
2005-06,Residential - All Types,,,,,,
2005-06,"$343,300",104.8,1.0,0.0,0.0,0.0,0.0
2005-06,Detached,,,,,,
2005-06,"$473,600",104.0,0.8,0.0,0.0,0.0,0.0
2005-06,Townhouse,,,,,,
2005-06,"$272,400",104.0,0.8,0.0,0.0,0.0,0.0
2005-06,Apartment,,,,,,
2005-06,"$214,600",107.7,1.7,0.0,0.0,0.0,0.0
2005-07,Residential - All Types,,,,,,
2005-07,"$347,500",106.1,1.2,6.1,0.0,0.0,0.0
2005-07,Detached,,,,,,
2005-07,"$479,500",105.2,1.2,5.2,0.0,0.0,0.0
2005-07,Townhouse,,,,,,
2005-07,"$275,800",105.3,1.2,5.3,0.0,0.0,0.0
2005-07,Apartment,,,,,,
2005-07,"$217,000",108.9,1.1,8.9,0.0,0.0,0.0
2005-08,Residential - All Types,,,,,,
2005-08,"$351,300",107.2,1.0,6.2,0.0,0.0,0.0
2005-08,Detached,,,,,,
2005-08,"$485,400",106.5,1.2,5.7,0.0,0.0,0.0
2005-08,Townhouse,,,,,,
2005-08,"$279,200",106.6,1.2,5.8,0.0,0.0,0.0
2005-08,Apartment,,,,,,
2005-08,"$218,600",109.7,0.7,8.2,0.0,0.0,0.0
2005-09,Residential - All Types,,,,,,
2005-09,"$357,500",109.1,1.8,7.0,0.0,0.0,0.0
2005-09,Detached,,,,,,
2005-09,"$491,400",107.9,1.3,6.2,0.0,0.0,0.0
2005-09,Townhouse,,,,,,
2005-09,"$282,700",107.9,1.2,6.2,0.0,0.0,0.0
2005-09,Apartment,,,,,,
2005-09,"$226,300",113.5,3.5,9.7,0.0,0.0,0.0
2005-10,Residential - All Types,,,,,,
2005-10,"$359,500",109.7,0.5,6.6,0.0,0.0,0.0
2005-10,Detached,,,,,,
2005-10,"$495,000",108.6,0.6,6.1,0.0,0.0,0.0
2005-10,Townhouse,,,,,,
2005-10,"$284,500",108.6,0.6,6.1,0.0,0.0,0.0
2005-10,Apartment,,,,,,
2005-10,"$226,300",113.5,0.0,8.6,0.0,0.0,0.0
2005-11,Residential - All Types,,,,,,
2005-11,"$361,700",110.4,0.6,6.4,0.0,0.0,0.0
2005-11,Detached,,,,,,
2005-11,"$498,700",109.5,0.8,6.1,0.0,0.0,0.0
2005-11,Townhouse,,,,,,
2005-11,"$286,300",109.3,0.6,5.9,0.0,0.0,0.0
2005-11,Apartment,,,,,,
2005-11,"$227,000",113.9,0.4,7.6,0.0,0.0,0.0
2005-12,Residential - All Types,,,,,,
2005-12,"$364,300",111.2,0.7,6.1,0.0,0.0,0.0
2005-12,Detached,,,,,,
2005-12,"$502,200",110.2,0.6,6.0,0.0,0.0,0.0
2005-12,Townhouse,,,,,,
2005-12,"$288,100",110.0,0.6,5.8,0.0,0.0,0.0
2005-12,Apartment,,,,,,
2005-12,"$228,800",114.8,0.8,6.6,0.0,0.0,0.0
2006-01,Residential - All Types,,,,,,
2006-01,"$372,200",113.6,2.2,7.1,13.6,0.0,0.0
2006-01,Detached,,,,,,
2006-01,"$512,000",112.4,2.0,6.8,12.4,0.0,0.0
2006-01,Townhouse,,,,,,
2006-01,"$293,800",112.2,2.0,6.6,12.2,0.0,0.0
2006-01,Apartment,,,,,,
2006-01,"$235,500",118.2,3.0,8.5,18.2,0.0,0.0
2006-02,Residential - All Types,,,,,,
2006-02,"$379,900",116.0,2.1,8.2,15.0,0.0,0.0
2006-02,Detached,,,,,,
2006-02,"$521,900",114.6,2.0,7.6,13.7,0.0,0.0
2006-02,Townhouse,,,,,,
2006-02,"$299,600",114.4,2.0,7.3,13.5,0.0,0.0
2006-02,Apartment,,,,,,
2006-02,"$241,200",121.0,2.4,10.3,19.3,0.0,0.0
2006-03,Residential - All Types,,,,,,
2006-03,"$387,400",118.3,2.0,8.4,16.0,0.0,0.0
2006-03,Detached,,,,,,
2006-03,"$532,000",116.8,1.9,8.2,15.0,0.0,0.0
2006-03,Townhouse,,,,,,
2006-03,"$305,500",116.6,1.9,8.1,14.8,0.0,0.0
2006-03,Apartment,,,,,,
2006-03,"$246,400",123.6,2.1,8.9,19.4,0.0,0.0
2006-04,Residential - All Types,,,,,,
2006-04,"$395,800",120.8,2.1,10.1,17.4,0.0,0.0
2006-04,Detached,,,,,,
2006-04,"$543,000",119.2,2.1,9.8,16.4,0.0,0.0
2006-04,Townhouse,,,,,,
2006-04,"$311,400",118.9,2.0,9.5,16.1,0.0,0.0
2006-04,Apartment,,,,,,
2006-04,"$252,600",126.7,2.5,11.6,21.2,0.0,0.0
2006-05,Residential - All Types,,,,,,
2006-05,"$403,700",123.2,2.0,11.6,18.7,0.0,0.0
2006-05,Detached,,,,,,
2006-05,"$554,000",121.6,2.0,11.1,17.8,0.0,0.0
2006-05,Townhouse,,,,,,
2006-05,"$317,400",121.2,1.9,10.9,17.4,0.0,0.0
2006-05,Apartment,,,,,,
2006-05,"$257,600",129.3,2.1,13.5,22.1,0.0,0.0
2006-06,Residential - All Types,,,,,,
2006-06,"$411,400",125.6,1.9,12.9,19.8,0.0,0.0
2006-06,Detached,,,,,,
2006-06,"$565,300",124.1,2.1,12.6,19.3,0.0,0.0
2006-06,Townhouse,,,,,,
2006-06,"$323,600",123.6,2.0,12.4,18.8,0.0,0.0
2006-06,Apartment,,,,,,
2006-06,"$261,600",131.3,1.5,14.4,21.9,0.0,0.0
2006-07,Residential - All Types,,,,,,
2006-07,"$415,800",126.9,1.0,11.7,19.6,0.0,0.0
2006-07,Detached,,,,,,
2006-07,"$570,700",125.3,1.0,11.5,19.1,0.0,0.0
2006-07,Townhouse,,,,,,
2006-07,"$326,700",124.7,0.9,11.1,18.4,0.0,0.0
2006-07,Apartment,,,,,,
2006-07,"$265,300",133.1,1.4,12.6,22.2,0.0,0.0
2006-08,Residential - All Types,,,,,,
2006-08,"$419,800",128.1,0.9,10.4,19.5,0.0,0.0
2006-08,Detached,,,,,,
2006-08,"$576,100",126.4,0.9,10.3,18.7,0.0,0.0
2006-08,Townhouse,,,,,,
2006-08,"$329,800",125.9,1.0,10.1,18.1,0.0,0.0
2006-08,Apartment,,,,,,
2006-08,"$267,800",134.4,1.0,11.1,22.5,0.0,0.0
2006-09,Residential - All Types,,,,,,
2006-09,"$423,700",129.3,0.9,9.3,18.5,0.0,0.0
2006-09,Detached,,,,,,
2006-09,"$581,500",127.6,0.9,9.2,18.3,0.0,0.0
2006-09,Townhouse,,,,,,
2006-09,"$333,000",127.1,1.0,9.0,17.8,0.0,0.0
2006-09,Apartment,,,,,,
2006-09,"$270,100",135.5,0.8,9.6,19.4,0.0,0.0
2006-10,Residential - All Types,,,,,,
2006-10,"$423,600",129.3,0.0,7.0,17.9,0.0,0.0
2006-10,Detached,,,,,,
2006-10,"$581,500",127.6,0.0,7.0,17.5,0.0,0.0
2006-10,Townhouse,,,,,,
2006-10,"$334,800",127.8,0.6,7.5,17.7,0.0,0.0
2006-10,Apartment,,,,,,
2006-10,"$269,300",135.1,-0.3,6.6,19.0,0.0,0.0
2006-11,Residential - All Types,,,,,,
2006-11,"$423,500",129.3,0.0,5.0,17.1,0.0,0.0
2006-11,Detached,,,,,,
2006-11,"$581,800",127.7,0.1,5.0,16.6,0.0,0.0
2006-11,Townhouse,,,,,,
2006-11,"$336,700",128.6,0.6,6.1,17.7,0.0,0.0
2006-11,Apartment,,,,,,
2006-11,"$267,800",134.4,-0.5,3.9,18.0,0.0,0.0
2006-12,Residential - All Types,,,,,,
2006-12,"$423,300",129.2,-0.1,2.9,16.2,0.0,0.0
2006-12,Detached,,,,,,
2006-12,"$581,800",127.7,0.0,2.9,15.9,0.0,0.0
2006-12,Townhouse,,,,,,
2006-12,"$338,700",129.3,0.5,4.6,17.5,0.0,0.0
2006-12,Apartment,,,,,,
2006-12,"$266,600",133.8,-0.4,1.9,16.6,0.0,0.0
2007-01,Residential - All Types,,,,,,
2007-01,"$429,400",131.1,1.5,3.3,15.4,0.0,0.0
2007-01,Detached,,,,,,
2007-01,"$589,400",129.4,1.3,3.3,15.1,0.0,0.0
2007-01,Townhouse,,,,,,
2007-01,"$341,700",130.5,0.9,4.7,16.3,0.0,0.0
2007-01,Apartment,,,,,,
2007-01,"$272,100",136.5,2.0,2.6,15.5,0.0,0.0
2007-02,Residential - All Types,,,,,,
2007-02,"$435,400",132.9,1.4,3.7,14.6,0.0,0.0
2007-02,Detached,,,,,,
2007-02,"$597,100",131.1,1.3,3.7,14.4,0.0,0.0
2007-02,Townhouse,,,,,,
2007-02,"$344,800",131.7,0.9,4.6,15.1,0.0,0.0
2007-02,Apartment,,,,,,
2007-02,"$277,200",139.1,1.9,3.5,15.0,0.0,0.0
2007-03,Residential - All Types,,,,,,
2007-03,"$441,400",134.7,1.4,4.2,13.9,0.0,0.0
2007-03,Detached,,,,,,
2007-03,"$605,000",132.8,1.3,4.1,13.7,0.0,0.0
2007-03,Townhouse,,,,,,
2007-03,"$347,900",132.8,0.8,4.5,13.9,0.0,0.0
2007-03,Apartment,,,,,,
2007-03,"$282,000",141.5,1.7,4.4,14.5,0.0,0.0
2007-04,Residential - All Types,,,,,,
2007-04,"$448,400",136.9,1.6,5.9,13.3,0.0,0.0
2007-04,Detached,,,,,,
2007-04,"$614,500",134.9,1.6,5.7,13.2,0.0,0.0
2007-04,Townhouse,,,,,,
2007-04,"$351,800",134.3,1.1,5.1,13.0,0.0,0.0
2007-04,Apartment,,,,,,
2007-04,"$287,400",144.2,1.9,6.7,13.8,0.0,0.0
2007-05,Residential - All Types,,,,,,
2007-05,"$454,300",138.7,1.3,7.3,12.6,0.0,0.0
2007-05,Detached,,,,,,
2007-05,"$623,900",136.9,1.5,7.2,12.6,0.0,0.0
2007-05,Townhouse,,,,,,
2007-05,"$355,700",135.8,1.1,5.6,12.0,0.0,0.0
2007-05,Apartment,,,,,,
2007-05,"$289,800",145.4,0.8,8.2,12.5,0.0,0.0
2007-06,Residential - All Types,,,,,,
2007-06,"$460,900",140.7,1.4,8.9,12.0,0.0,0.0
2007-06,Detached,,,,,,
2007-06,"$633,600",139.1,1.6,8.9,12.1,0.0,0.0
2007-06,Townhouse,,,,,,
2007-06,"$359,600",137.3,1.1,6.2,11.1,0.0,0.0
2007-06,Apartment,,,,,,
2007-06,"$293,700",147.4,1.4,10.2,12.3,0.0,0.0
2007-07,Residential - All Types,,,,,,
2007-07,"$464,100",141.7,0.7,8.1,11.7,0.0,0.0
2007-07,Detached,,,,,,
2007-07,"$637,700",140.0,0.6,8.2,11.7,0.0,0.0
2007-07,Townhouse,,,,,,
2007-07,"$361,700",138.1,0.6,5.8,10.7,0.0,0.0
2007-07,Apartment,,,,,,
2007-07,"$296,300",148.7,0.9,8.9,11.7,0.0,0.0
2007-08,Residential - All Types,,,,,,
2007-08,"$467,400",142.7,0.7,7.4,11.4,0.0,0.0
2007-08,Detached,,,,,,
2007-08,"$641,800",140.9,0.6,7.5,11.5,0.0,0.0
2007-08,Townhouse,,,,,,
2007-08,"$363,800",138.9,0.6,5.5,10.3,0.0,0.0
2007-08,Apartment,,,,,,
2007-08,"$299,300",150.2,1.0,8.0,11.8,0.0,0.0
2007-09,Residential - All Types,,,,,,
2007-09,"$470,700",143.7,0.7,6.7,11.1,0.0,0.0
2007-09,Detached,,,,,,
2007-09,"$645,900",141.8,0.6,6.8,11.1,0.0,0.0
2007-09,Townhouse,,,,,,
2007-09,"$365,900",139.7,0.6,5.2,9.9,0.0,0.0
2007-09,Apartment,,,,,,
2007-09,"$301,900",151.5,0.9,7.1,11.8,0.0,0.0
2007-10,Residential - All Types,,,,,,
2007-10,"$471,800",144.0,0.2,5.2,11.4,0.0,0.0
2007-10,Detached,,,,,,
2007-10,"$647,600",142.1,0.2,5.3,11.4,0.0,0.0
2007-10,Townhouse,,,,,,
2007-10,"$367,600",140.4,0.5,4.5,9.9,0.0,0.0
2007-10,Apartment,,,,,,
2007-10,"$302,100",151.6,0.1,5.1,12.2,0.0,0.0
2007-11,Residential - All Types,,,,,,
2007-11,"$473,400",144.5,0.3,4.2,11.8,0.0,0.0
2007-11,Detached,,,,,,
2007-11,"$648,900",142.4,0.2,4.0,11.5,0.0,0.0
2007-11,Townhouse,,,,,,
2007-11,"$369,300",141.0,0.4,3.8,9.6,0.0,0.0
2007-11,Apartment,,,,,,
2007-11,"$304,100",152.6,0.7,5.0,13.5,0.0,0.0
2007-12,Residential - All Types,,,,,,
2007-12,"$475,800",145.2,0.5,3.2,12.4,0.0,0.0
2007-12,Detached,,,,,,
2007-12,"$650,700",142.8,0.3,2.7,11.8,0.0,0.0
2007-12,Townhouse,,,,,,
2007-12,"$371,000",141.7,0.5,3.2,9.6,0.0,0.0
2007-12,Apartment,,,,,,
2007-12,"$307,600",154.3,1.1,4.7,15.3,0.0,0.0
2008-01,Residential - All Types,,,,,,
2008-01,"$481,100",146.9,1.2,3.7,12.1,46.9,0.0
2008-01,Detached,,,,,,
2008-01,"$658,300",144.5,1.2,3.2,11.7,44.5,0.0
2008-01,Townhouse,,,,,,
2008-01,"$375,100",143.2,1.1,3.7,9.7,43.2,0.0
2008-01,Apartment,,,,,,
2008-01,"$311,400",156.2,1.2,5.0,14.4,56.2,0.0
2008-02,Residential - All Types,,,,,,
2008-02,"$485,900",148.3,1.0,3.9,11.6,47.0,0.0
2008-02,Detached,,,,,,
2008-02,"$667,000",146.4,1.3,3.9,11.7,45.2,0.0
2008-02,Townhouse,,,,,,
2008-02,"$379,500",144.9,1.2,4.3,10.0,43.8,0.0
2008-02,Apartment,,,,,,
2008-02,"$312,800",156.9,0.4,4.5,12.8,54.7,0.0
2008-03,Residential - All Types,,,,,,
2008-03,"$491,600",150.1,1.2,4.5,11.4,47.2,0.0
2008-03,Detached,,,,,,
2008-03,"$675,400",148.2,1.2,4.5,11.6,45.9,0.0
2008-03,Townhouse,,,,,,
2008-03,"$384,000",146.6,1.2,4.9,10.4,44.3,0.0
2008-03,Apartment,,,,,,
2008-03,"$316,900",159.0,1.3,5.0,12.4,53.6,0.0
2008-04,Residential - All Types,,,,,,
2008-04,"$492,600",150.4,0.2,4.4,9.9,46.2,0.0
2008-04,Detached,,,,,,
2008-04,"$676,700",148.5,0.2,4.5,10.1,45.0,0.0
2008-04,Townhouse,,,,,,
2008-04,"$385,200",147.1,0.3,4.8,9.5,43.7,0.0
2008-04,Apartment,,,,,,
2008-04,"$317,400",159.3,0.2,5.1,10.5,52.4,0.0
2008-05,Residential - All Types,,,,,,
2008-05,"$492,800",150.4,0.0,4.1,8.4,44.9,0.0
2008-05,Detached,,,,,,
2008-05,"$678,800",149.0,0.3,4.6,8.8,44.4,0.0
2008-05,Townhouse,,,,,,
2008-05,"$386,400",147.5,0.3,4.6,8.6,42.9,0.0
2008-05,Apartment,,,,,,
2008-05,"$316,800",159.0,-0.2,4.2,9.4,50.1,0.0
2008-06,Residential - All Types,,,,,,
2008-06,"$492,900",150.5,0.1,3.7,7.0,43.6,0.0
2008-06,Detached,,,,,,
2008-06,"$680,500",149.4,0.3,4.6,7.4,43.7,0.0
2008-06,Townhouse,,,,,,
2008-06,"$387,700",148.0,0.3,4.4,7.8,42.3,0.0
2008-06,Apartment,,,,,,
2008-06,"$315,700",158.4,-0.4,2.7,7.5,47.1,0.0
2008-07,Residential - All Types,,,,,,
2008-07,"$485,100",148.1,-1.6,0.8,4.5,39.6,0.0
2008-07,Detached,,,,,,
2008-07,"$669,400",146.9,-1.7,1.7,4.9,39.6,0.0
2008-07,Townhouse,,,,,,
2008-07,"$384,000",146.6,-0.9,2.4,6.2,39.2,0.0
2008-07,Apartment,,,,,,
2008-07,"$310,500",155.8,-1.6,-0.3,4.8,43.1,0.0
2008-08,Residential - All Types,,,,,,
2008-08,"$477,800",145.8,-1.6,-1.7,2.2,36.0,0.0
2008-08,Detached,,,,,,
2008-08,"$658,600",144.6,-1.6,-1.2,2.6,35.8,0.0
2008-08,Townhouse,,,,,,
2008-08,"$380,600",145.3,-0.9,0.3,4.6,36.3,0.0
2008-08,Apartment,,,,,,
2008-08,"$307,300",154.2,-1.0,-1.7,2.7,40.6,0.0
2008-09,Residential - All Types,,,,,,
2008-09,"$471,000",143.8,-1.4,-4.2,0.1,31.8,0.0
2008-09,Detached,,,,,,
2008-09,"$648,100",142.3,-1.6,-4.0,0.4,31.9,0.0
2008-09,Townhouse,,,,,,
2008-09,"$377,400",144.1,-0.8,-1.7,3.1,33.5,0.0
2008-09,Apartment,,,,,,
2008-09,"$304,100",152.6,-1.0,-4.0,0.7,34.4,0.0
2008-10,Residential - All Types,,,,,,
2008-10,"$458,000",139.8,-2.8,-7.0,-2.9,27.4,0.0
2008-10,Detached,,,,,,
2008-10,"$632,300",138.8,-2.5,-6.5,-2.3,27.8,0.0
2008-10,Townhouse,,,,,,
2008-10,"$368,700",140.8,-2.3,-4.3,0.3,29.7,0.0
2008-10,Apartment,,,,,,
2008-10,"$293,400",147.2,-3.5,-7.6,-2.9,29.7,0.0
2008-11,Residential - All Types,,,,,,
2008-11,"$446,000",136.1,-2.6,-9.5,-5.8,23.3,0.0
2008-11,Detached,,,,,,
2008-11,"$617,100",135.4,-2.4,-9.1,-4.9,23.7,0.0
2008-11,Townhouse,,,,,,
2008-11,"$360,500",137.6,-2.3,-6.7,-2.4,25.9,0.0
2008-11,Apartment,,,,,,
2008-11,"$283,600",142.3,-3.3,-10.5,-6.7,24.9,0.0
2008-12,Residential - All Types,,,,,,
2008-12,"$435,400",132.9,-2.4,-11.7,-8.5,19.5,0.0
2008-12,Detached,,,,,,
2008-12,"$602,400",132.2,-2.4,-11.5,-7.4,20.0,0.0
2008-12,Townhouse,,,,,,
2008-12,"$352,900",134.7,-2.1,-9.0,-4.9,22.5,0.0
2008-12,Apartment,,,,,,
2008-12,"$276,600",138.8,-2.5,-12.4,-10.0,20.9,0.0
2009-01,Residential - All Types,,,,,,
2009-01,"$433,300",132.3,-0.5,-10.7,-9.9,16.5,0.0
2009-01,Detached,,,,,,
2009-01,"$599,100",131.5,-0.5,-10.5,-9.0,17.0,0.0
2009-01,Townhouse,,,,,,
2009-01,"$350,800",133.9,-0.6,-8.7,-6.5,19.3,0.0
2009-01,Apartment,,,,,,
2009-01,"$276,300",138.6,-0.1,-11.0,-11.3,17.3,0.0
2009-02,Residential - All Types,,,,,,
2009-02,"$431,600",131.7,-0.5,-9.7,-11.2,13.5,0.0
2009-02,Detached,,,,,,
2009-02,"$596,500",130.9,-0.5,-9.5,-10.6,14.2,0.0
2009-02,Townhouse,,,,,,
2009-02,"$348,900",133.2,-0.5,-8.3,-8.1,16.4,0.0
2009-02,Apartment,,,,,,
2009-02,"$275,700",138.3,-0.2,-10.3,-11.9,14.3,0.0
2009-03,Residential - All Types,,,,,,
2009-03,"$430,000",131.3,-0.3,-8.7,-12.5,11.0,0.0
2009-03,Detached,,,,,,
2009-03,"$594,200",130.4,-0.4,-8.4,-12.0,11.6,0.0
2009-03,Townhouse,,,,,,
2009-03,"$347,300",132.6,-0.5,-8.0,-9.5,13.7,0.0
2009-03,Apartment,,,,,,
2009-03,"$275,700",138.3,0.0,-9.4,-13.0,11.9,0.0
2009-04,Residential - All Types,,,,,,
2009-04,"$435,700",133.0,1.3,-4.9,-11.6,10.1,0.0
2009-04,Detached,,,,,,
2009-04,"$602,900",132.3,1.5,-4.7,-10.9,11.0,0.0
2009-04,Townhouse,,,,,,
2009-04,"$350,000",133.6,0.8,-5.1,-9.2,12.4,0.0
2009-04,Apartment,,,,,,
2009-04,"$280,300",140.6,1.7,-4.5,-11.7,11.0,0.0
2009-05,Residential - All Types,,,,,,
2009-05,"$441,900",134.9,1.4,-0.9,-10.3,9.5,0.0
2009-05,Detached,,,,,,
2009-05,"$611,700",134.3,1.5,-0.8,-9.9,10.4,0.0
2009-05,Townhouse,,,,,,
2009-05,"$352,400",134.6,0.7,-2.2,-8.7,11.1,0.0
2009-05,Apartment,,,,,,
2009-05,"$285,900",143.5,2.1,0.8,-9.7,11.0,0.0
2009-06,Residential - All Types,,,,,,
2009-06,"$448,100",136.8,1.4,2.9,-9.1,8.9,0.0
2009-06,Detached,,,,,,
2009-06,"$619,400",136.0,1.3,2.9,-9.0,9.6,0.0
2009-06,Townhouse,,,,,,
2009-06,"$355,100",135.6,0.7,0.7,-8.4,9.7,0.0
2009-06,Apartment,,,,,,
2009-06,"$292,100",146.6,2.2,5.6,-7.4,11.7,0.0
2009-07,Residential - All Types,,,,,,
2009-07,"$456,500",139.3,1.8,5.3,-5.9,9.8,0.0
2009-07,Detached,,,,,,
2009-07,"$632,300",138.8,2.1,5.6,-5.5,10.8,0.0
2009-07,Townhouse,,,,,,
2009-07,"$360,200",137.5,1.4,2.7,-6.2,10.3,0.0
2009-07,Apartment,,,,,,
2009-07,"$296,500",148.8,1.5,7.4,-4.5,11.8,0.0
2009-08,Residential - All Types,,,,,,
2009-08,"$465,100",142.0,1.9,7.8,-2.6,10.9,0.0
2009-08,Detached,,,,,,
2009-08,"$645,700",141.7,2.1,8.3,-2.0,12.1,0.0
2009-08,Townhouse,,,,,,
2009-08,"$365,500",139.6,1.5,4.8,-3.9,10.9,0.0
2009-08,Apartment,,,,,,
2009-08,"$300,900",151.0,1.5,9.2,-2.1,12.4,0.0
2009-09,Residential - All Types,,,,,,
2009-09,"$473,900",144.7,1.9,10.2,0.6,11.9,0.0
2009-09,Detached,,,,,,
2009-09,"$658,600",144.6,2.0,10.9,1.6,13.3,0.0
2009-09,Townhouse,,,,,,
2009-09,"$370,900",141.6,1.4,6.8,-1.7,11.4,0.0
2009-09,Apartment,,,,,,
2009-09,"$306,300",153.7,1.8,11.1,0.7,13.4,0.0
2009-10,Residential - All Types,,,,,,
2009-10,"$478,700",146.1,1.0,9.8,4.5,13.0,0.0
2009-10,Detached,,,,,,
2009-10,"$666,400",146.3,1.2,10.6,5.4,14.7,0.0
2009-10,Townhouse,,,,,,
2009-10,"$374,800",143.1,1.1,7.1,1.6,12.0,0.0
2009-10,Apartment,,,,,,
2009-10,"$308,200",154.6,0.6,10.0,5.0,14.4,0.0
2009-11,Residential - All Types,,,,,,
2009-11,"$484,000",147.7,1.1,9.5,8.5,14.2,0.0
2009-11,Detached,,,,,,
2009-11,"$674,100",148.0,1.2,10.2,9.3,15.9,0.0
2009-11,Townhouse,,,,,,
2009-11,"$378,600",144.6,1.0,7.4,5.1,12.4,0.0
2009-11,Apartment,,,,,,
2009-11,"$311,300",156.2,1.0,8.9,9.8,16.2,0.0
2009-12,Residential - All Types,,,,,,
2009-12,"$489,000",149.3,1.1,9.1,12.3,15.6,0.0
2009-12,Detached,,,,,,
2009-12,"$681,600",149.6,1.1,10.0,13.2,17.1,0.0
2009-12,Townhouse,,,,,,
2009-12,"$382,100",145.9,0.9,7.6,8.3,12.8,0.0
2009-12,Apartment,,,,,,
2009-12,"$314,200",157.7,1.0,7.6,13.6,17.9,0.0
2010-01,Residential - All Types,,,,,,
2010-01,"$497,200",151.8,1.7,9.0,14.7,15.8,51.8
2010-01,Detached,,,,,,
2010-01,"$695,400",152.6,2.0,9.9,16.0,17.9,52.6
2010-01,Townhouse,,,,,,
2010-01,"$386,700",147.7,1.2,7.4,10.3,13.2,47.7
2010-01,Apartment,,,,,,
2010-01,"$317,500",159.3,1.0,7.1,14.9,16.7,59.3
2010-02,Residential - All Types,,,,,,
2010-02,"$503,900",153.8,1.3,8.3,16.8,15.7,52.4
2010-02,Detached,,,,,,
2010-02,"$706,300",155.0,1.6,9.4,18.4,18.2,53.8
2010-02,Townhouse,,,,,,
2010-02,"$390,700",149.2,1.0,6.9,12.0,13.3,48.0
2010-02,Apartment,,,,,,
2010-02,"$320,200",160.7,0.9,6.4,16.2,15.5,58.5
2010-03,Residential - All Types,,,,,,
2010-03,"$512,700",156.5,1.8,8.2,19.2,16.2,53.4
2010-03,Detached,,,,,,
2010-03,"$720,600",158.2,2.1,9.4,21.3,19.1,55.7
2010-03,Townhouse,,,,,,
2010-03,"$395,700",151.1,1.3,6.7,14.0,13.8,48.7
2010-03,Apartment,,,,,,
2010-03,"$324,000",162.6,1.2,5.8,17.6,14.9,57.1
2010-04,Residential - All Types,,,,,,
2010-04,"$517,500",158.0,1.0,8.1,18.8,15.4,53.5
2010-04,Detached,,,,,,
2010-04,"$728,500",159.9,1.1,9.3,20.9,18.5,56.2
2010-04,Townhouse,,,,,,
2010-04,"$399,000",152.3,0.8,6.4,14.0,13.4,48.7
2010-04,Apartment,,,,,,
2010-04,"$326,400",163.8,0.7,6.0,16.5,13.6,56.7
2010-05,Residential - All Types,,,,,,
2010-05,"$519,000",158.4,0.3,7.2,17.4,14.2,52.6
2010-05,Detached,,,,,,
2010-05,"$731,900",160.6,0.4,8.5,19.6,17.3,55.6
2010-05,Townhouse,,,,,,
2010-05,"$400,100",152.8,0.3,5.7,13.5,12.5,48.1
2010-05,Apartment,,,,,,
2010-05,"$326,300",163.7,-0.1,4.8,14.1,12.6,54.6
2010-06,Residential - All Types,,,,,,
2010-06,"$516,600",157.7,-0.4,5.6,15.3,12.1,50.5
2010-06,Detached,,,,,,
2010-06,"$727,800",159.7,-0.6,6.8,17.4,14.8,53.6
2010-06,Townhouse,,,,,,
2010-06,"$399,600",152.6,-0.1,4.6,12.5,11.1,46.7
2010-06,Apartment,,,,,,
2010-06,"$323,800",162.5,-0.7,3.0,10.8,10.2,50.9
2010-07,Residential - All Types,,,,,,
2010-07,"$513,500",156.7,-0.6,3.2,12.5,10.6,47.7
2010-07,Detached,,,,,,
2010-07,"$725,400",159.2,-0.3,4.3,14.7,13.7,51.3
2010-07,Townhouse,,,,,,
2010-07,"$398,000",152.0,-0.4,2.9,10.5,10.1,44.3
2010-07,Apartment,,,,,,
2010-07,"$318,900",160.0,-1.5,0.4,7.5,7.6,46.9
2010-08,Residential - All Types,,,,,,
2010-08,"$511,700",156.2,-0.3,1.6,10.0,9.5,45.7
2010-08,Detached,,,,,,
2010-08,"$723,000",158.7,-0.3,2.4,12.0,12.6,49.0
2010-08,Townhouse,,,,,,
2010-08,"$395,100",150.9,-0.7,1.1,8.1,8.6,41.6
2010-08,Apartment,,,,,,
2010-08,"$318,300",159.7,-0.2,-0.6,5.8,6.3,45.6
2010-09,Residential - All Types,,,,,,
2010-09,"$510,600",155.9,-0.2,-0.4,7.7,8.5,42.9
2010-09,Detached,,,,,,
2010-09,"$721,800",158.4,-0.2,0.1,9.5,11.7,46.8
2010-09,Townhouse,,,,,,
2010-09,"$392,200",149.8,-0.7,-0.9,5.8,7.2,38.8
2010-09,Apartment,,,,,,
2010-09,"$318,400",159.8,0.1,-1.7,4.0,5.5,40.8
2010-10,Residential - All Types,,,,,,
2010-10,"$511,500",156.1,0.1,-1.2,6.8,8.4,42.3
2010-10,Detached,,,,,,
2010-10,"$723,800",158.9,0.3,-0.6,8.6,11.8,46.3
2010-10,Townhouse,,,,,,
2010-10,"$391,600",149.5,-0.2,-1.8,4.5,6.5,37.7
2010-10,Apartment,,,,,,
2010-10,"$318,100",159.6,-0.1,-2.6,3.2,5.3,40.6
2010-11,Residential - All Types,,,,,,
2010-11,"$514,000",156.9,0.5,-0.9,6.2,8.6,42.1
2010-11,Detached,,,,,,
2010-11,"$727,100",159.6,0.4,-0.6,7.8,12.1,45.8
2010-11,Townhouse,,,,,,
2010-11,"$392,000",149.7,0.1,-2.0,3.5,6.2,37.0
2010-11,Apartment,,,,,,
2010-11,"$319,300",160.2,0.4,-2.1,2.6,5.0,40.6
2010-12,Residential - All Types,,,,,,
2010-12,"$517,900",158.1,0.8,0.3,5.9,8.9,42.2
2010-12,Detached,,,,,,
2010-12,"$733,900",161.1,0.9,0.9,7.7,12.8,46.2
2010-12,Townhouse,,,,,,
2010-12,"$393,500",150.2,0.3,-1.6,2.9,6.0,36.5
2010-12,Apartment,,,,,,
2010-12,"$320,700",160.9,0.4,-1.0,2.0,4.3,40.2
2011-01,Residential - All Types,,,,,,
2011-01,"$527,500",161.0,1.8,2.7,6.1,9.6,41.7
2011-01,Detached,,,,,,
2011-01,"$750,200",164.7,2.2,3.5,7.9,14.0,46.5
2011-01,Townhouse,,,,,,
2011-01,"$396,000",151.2,0.7,-0.5,2.4,5.6,34.8
2011-01,Apartment,,,,,,
2011-01,"$324,400",162.8,1.2,1.8,2.2,4.2,37.7
2011-02,Residential - All Types,,,,,,
2011-02,"$543,000",165.8,3.0,6.1,7.8,11.8,42.9
2011-02,Detached,,,,,,
2011-02,"$776,600",170.5,3.5,7.4,10.0,16.5,48.8
2011-02,Townhouse,,,,,,
2011-02,"$401,200",153.2,1.3,1.5,2.7,5.7,33.9
2011-02,Apartment,,,,,,
2011-02,"$329,800",165.5,1.7,3.6,3.0,5.5,36.8
2011-03,Residential - All Types,,,,,,
2011-03,"$553,400",168.9,1.9,8.3,7.9,12.5,42.8
2011-03,Detached,,,,,,
2011-03,"$793,700",174.2,2.2,10.0,10.1,17.5,49.1
2011-03,Townhouse,,,,,,
2011-03,"$404,800",154.6,0.9,3.2,2.3,5.5,32.6
2011-03,Apartment,,,,,,
2011-03,"$333,000",167.1,1.0,4.6,2.8,5.1,35.2
2011-04,Residential - All Types,,,,,,
2011-04,"$564,600",172.3,2.0,10.4,9.1,14.6,42.6
2011-04,Detached,,,,,,
2011-04,"$813,400",178.5,2.5,12.3,11.6,20.2,49.7
2011-04,Townhouse,,,,,,
2011-04,"$409,300",156.3,1.1,4.5,2.6,6.3,31.5
2011-04,Apartment,,,,,,
2011-04,"$334,700",167.9,0.5,5.2,2.5,5.4,32.5
2011-05,Residential - All Types,,,,,,
2011-05,"$574,400",175.3,1.7,11.7,10.7,16.6,42.3
2011-05,Detached,,,,,,
2011-05,"$830,700",182.3,2.1,14.2,13.5,22.3,49.9
2011-05,Townhouse,,,,,,
2011-05,"$411,500",157.1,0.5,4.9,2.8,6.5,29.6
2011-05,Apartment,,,,,,
2011-05,"$336,300",168.7,0.5,5.3,3.1,6.1,30.5
2011-06,Residential - All Types,,,,,,
2011-06,"$579,700",177.0,1.0,12.0,12.2,17.6,40.9
2011-06,Detached,,,,,,
2011-06,"$841,400",184.7,1.3,14.6,15.7,23.6,48.8
2011-06,Townhouse,,,,,,
2011-06,"$410,500",156.7,-0.3,4.3,2.7,5.9,26.8
2011-06,Apartment,,,,,,
2011-06,"$335,700",168.4,-0.2,4.7,3.6,6.3,28.3
2011-07,Residential - All Types,,,,,,
2011-07,"$584,500",178.4,0.8,10.8,13.8,20.5,40.6
2011-07,Detached,,,,,,
2011-07,"$850,600",186.7,1.1,13.4,17.3,27.1,49.0
2011-07,Townhouse,,,,,,
2011-07,"$412,600",157.5,0.5,4.2,3.6,7.4,26.3
2011-07,Apartment,,,,,,
2011-07,"$334,800",168.0,-0.2,3.2,5.0,7.8,26.2
2011-08,Residential - All Types,,,,,,
2011-08,"$587,700",179.4,0.6,8.2,14.9,23.0,40.0
2011-08,Detached,,,,,,
2011-08,"$855,300",187.7,0.5,10.1,18.3,29.8,48.5
2011-08,Townhouse,,,,,,
2011-08,"$415,500",158.6,0.7,3.5,5.1,9.2,26.0
2011-08,Apartment,,,,,,
2011-08,"$334,400",167.8,-0.1,1.4,5.1,8.8,24.9
2011-09,Residential - All Types,,,,,,
2011-09,"$585,900",178.8,-0.3,5.9,14.7,24.3,38.3
2011-09,Detached,,,,,,
2011-09,"$852,300",187.1,-0.3,7.4,18.1,31.5,46.6
2011-09,Townhouse,,,,,,
2011-09,"$413,400",157.8,-0.5,2.1,5.3,9.5,24.2
2011-09,Apartment,,,,,,
2011-09,"$332,900",167.0,-0.5,-0.1,4.5,9.4,23.2
2011-10,Residential - All Types,,,,,,
2011-10,"$585,300",178.7,-0.1,3.7,14.5,27.8,38.2
2011-10,Detached,,,,,,
2011-10,"$852,200",187.1,0.0,4.8,17.7,34.8,46.6
2011-10,Townhouse,,,,,,
2011-10,"$414,100",158.1,0.2,1.2,5.8,12.3,23.7
2011-10,Apartment,,,,,,
2011-10,"$330,200",165.7,-0.8,-1.3,3.8,12.6,22.6
2011-11,Residential - All Types,,,,,,
2011-11,"$585,100",178.6,-0.1,1.9,13.8,31.2,38.1
2011-11,Detached,,,,,,
2011-11,"$851,500",186.9,-0.1,2.5,17.1,38.0,46.4
2011-11,Townhouse,,,,,,
2011-11,"$412,200",157.4,-0.4,0.2,5.1,14.4,22.4
2011-11,Apartment,,,,,,
2011-11,"$331,800",166.5,0.5,-1.3,3.9,17.0,23.9
2011-12,Residential - All Types,,,,,,
2011-12,"$582,100",177.7,-0.5,0.4,12.4,33.7,37.5
2011-12,Detached,,,,,,
2011-12,"$846,700",185.8,-0.6,0.6,15.3,40.5,45.5
2011-12,Townhouse,,,,,,
2011-12,"$407,600",155.6,-1.1,-0.7,3.6,15.5,20.3
2011-12,Apartment,,,,,,
2011-12,"$331,600",166.4,-0.1,-1.2,3.4,19.9,24.4
2012-01,Residential - All Types,,,,,,
2012-01,"$584,500",178.4,0.4,0.0,10.8,34.8,36.1
2012-01,Detached,,,,,,
2012-01,"$850,700",186.7,0.5,0.0,13.4,42.0,44.3
2012-01,Townhouse,,,,,,
2012-01,"$406,800",155.3,-0.2,-1.4,2.7,16.0,19.0
2012-01,Apartment,,,,,,
2012-01,"$332,700",166.9,0.3,-0.7,2.5,20.4,22.3
2012-02,Residential - All Types,,,,,,
2012-02,"$595,100",181.7,1.8,1.3,9.6,38.0,36.7
2012-02,Detached,,,,,,
2012-02,"$870,300",191.0,2.3,1.8,12.0,45.9,45.7
2012-02,Townhouse,,,,,,
2012-02,"$411,100",157.0,1.1,-1.0,2.5,17.9,19.2
2012-02,Apartment,,,,,,
2012-02,"$334,700",167.9,0.6,0.1,1.5,21.4,20.7
2012-03,Residential - All Types,,,,,,
2012-03,"$599,700",183.1,0.8,2.4,8.4,39.5,35.9
2012-03,Detached,,,,,,
2012-03,"$875,800",192.2,0.6,2.7,10.3,47.4,44.7
2012-03,Townhouse,,,,,,
2012-03,"$416,100",158.9,1.2,0.7,2.8,19.8,19.7
2012-03,Apartment,,,,,,
2012-03,"$337,200",169.2,0.8,1.3,1.3,22.3,19.6
2012-04,Residential - All Types,,,,,,
2012-04,"$602,000",183.8,0.4,2.9,6.7,38.2,34.3
2012-04,Detached,,,,,,
2012-04,"$878,100",192.7,0.3,3.0,8.0,45.7,42.8
2012-04,Townhouse,,,,,,
2012-04,"$418,400",159.8,0.6,1.1,2.2,19.6,19.0
2012-04,Apartment,,,,,,
2012-04,"$338,400",169.8,0.4,2.5,1.1,20.8,17.8
2012-05,Residential - All Types,,,,,,
2012-05,"$598,400",182.7,-0.6,2.3,4.2,35.4,31.7
2012-05,Detached,,,,,,
2012-05,"$871,300",191.2,-0.8,2.3,4.9,42.4,39.7
2012-05,Townhouse,,,,,,
2012-05,"$416,900",159.2,-0.4,1.1,1.3,18.3,17.2
2012-05,Apartment,,,,,,
2012-05,"$337,300",169.2,-0.4,1.6,0.3,17.9,16.4
2012-06,Residential - All Types,,,,,,
2012-06,"$594,400",181.4,-0.7,2.1,2.5,32.6,28.9
2012-06,Detached,,,,,,
2012-06,"$864,300",189.7,-0.8,2.1,2.7,39.5,36.4
2012-06,Townhouse,,,,,,
2012-06,"$414,400",158.2,-0.6,1.7,1.0,16.7,15.2
2012-06,Apartment,,,,,,
2012-06,"$335,700",168.4,-0.5,1.2,0.0,14.9,14.2
2012-07,Residential - All Types,,,,,,
2012-07,"$586,900",179.2,-1.2,0.4,0.4,28.6,26.5
2012-07,Detached,,,,,,
2012-07,"$854,700",187.6,-1.1,0.5,0.5,35.2,34.0
2012-07,Townhouse,,,,,,
2012-07,"$409,200",156.2,-1.3,0.6,-0.8,13.6,13.1
2012-07,Apartment,,,,,,
2012-07,"$330,800",166.0,-1.4,-0.5,-1.2,11.6,11.6
2012-08,Residential - All Types,,,,,,
2012-08,"$583,800",178.2,-0.6,-1.9,-0.7,25.5,24.9
2012-08,Detached,,,,,,
2012-08,"$849,400",186.4,-0.6,-2.4,-0.7,31.5,32.3
2012-08,Townhouse,,,,,,
2012-08,"$406,500",155.2,-0.6,-1.1,-2.1,11.2,11.7
2012-08,Apartment,,,,,,
2012-08,"$330,600",165.9,-0.1,-1.2,-1.1,9.9,10.5
2012-09,Residential - All Types,,,,,,
2012-09,"$580,500",177.2,-0.6,-3.2,-0.9,22.5,23.3
2012-09,Detached,,,,,,
2012-09,"$845,000",185.5,-0.5,-3.5,-0.9,28.3,30.8
2012-09,Townhouse,,,,,,
2012-09,"$403,300",154.0,-0.8,-3.1,-2.4,8.8,10.2
2012-09,Apartment,,,,,,
2012-09,"$327,700",164.4,-0.9,-2.8,-1.6,7.0,8.5
2012-10,Residential - All Types,,,,,,
2012-10,"$576,700",176.0,-0.7,-4.2,-1.5,20.5,22.2
2012-10,Detached,,,,,,
2012-10,"$837,200",183.8,-0.9,-4.6,-1.8,25.6,29.3
2012-10,Townhouse,,,,,,
2012-10,"$403,200",154.0,0.0,-3.6,-2.6,7.6,9.7
2012-10,Apartment,,,,,,
2012-10,"$325,600",163.4,-0.6,-3.8,-1.4,5.7,7.8
2012-11,Residential - All Types,,,,,,
2012-11,"$571,700",174.5,-0.9,-4.5,-2.3,18.1,20.8
2012-11,Detached,,,,,,
2012-11,"$828,200",181.8,-1.1,-4.9,-2.7,22.8,27.7
2012-11,Townhouse,,,,,,
2012-11,"$402,700",153.8,-0.1,-3.4,-2.3,6.4,9.1
2012-11,Apartment,,,,,,
2012-11,"$322,600",161.9,-0.9,-4.3,-2.8,3.6,6.1
2012-12,Residential - All Types,,,,,,
2012-12,"$568,100",173.4,-0.6,-4.4,-2.4,16.1,19.4
2012-12,Detached,,,,,,
2012-12,"$820,400",180.1,-0.9,-5.1,-3.1,20.4,26.1
2012-12,Townhouse,,,,,,
2012-12,"$401,900",153.5,-0.2,-3.0,-1.3,5.2,8.3
2012-12,Apartment,,,,,,
2012-12,"$321,600",161.4,-0.3,-4.2,-3.0,2.3,4.6
2013-01,Residential - All Types,,,,,,
2013-01,"$567,700",173.3,-0.1,-3.3,-2.9,14.2,18.0
2013-01,Detached,,,,,,
2013-01,"$818,800",179.7,-0.2,-4.2,-3.7,17.8,24.4
2013-01,Townhouse,,,,,,
2013-01,"$402,400",153.6,0.1,-1.7,-1.1,4.0,7.3
2013-01,Apartment,,,,,,
2013-01,"$321,600",161.4,0.0,-2.8,-3.3,1.3,3.3
2013-02,Residential - All Types,,,,,,
2013-02,"$576,300",175.9,1.5,-1.3,-3.2,14.4,18.6
2013-02,Detached,,,,,,
2013-02,"$831,700",182.6,1.6,-2.0,-4.4,17.8,24.7
2013-02,Townhouse,,,,,,
2013-02,"$407,100",155.4,1.2,0.1,-1.0,4.2,7.2
2013-02,Apartment,,,,,,
2013-02,"$327,100",164.1,1.7,-1.1,-2.3,2.1,4.6
2013-03,Residential - All Types,,,,,,
2013-03,"$578,300",176.5,0.3,-0.4,-3.6,12.8,17.6
2013-03,Detached,,,,,,
2013-03,"$835,000",183.3,0.4,-1.2,-4.6,15.9,23.7
2013-03,Townhouse,,,,,,
2013-03,"$406,000",155.0,-0.3,0.6,-2.5,2.6,5.7
2013-03,Apartment,,,,,,
2013-03,"$329,300",165.2,0.7,0.5,-2.4,1.6,3.9
2013-04,Residential - All Types,,,,,,
2013-04,"$581,500",177.5,0.6,0.9,-3.4,12.3,18.0
2013-04,Detached,,,,,,
2013-04,"$842,900",185.0,0.9,0.7,-4.0,15.7,24.6
2013-04,Townhouse,,,,,,
2013-04,"$403,400",154.0,-0.6,0.0,-3.6,1.1,4.7
2013-04,Apartment,,,,,,
2013-04,"$328,400",164.8,-0.2,0.9,-2.9,0.6,3.5
2013-05,Residential - All Types,,,,,,
2013-05,"$584,000",178.3,0.5,2.2,-2.4,12.6,18.6
2013-05,Detached,,,,,,
2013-05,"$844,000",185.3,0.2,1.9,-3.1,15.4,24.4
2013-05,Townhouse,,,,,,
2013-05,"$407,300",155.5,1.0,1.1,-2.3,1.8,5.4
2013-05,Apartment,,,,,,
2013-05,"$330,800",166.0,0.7,2.5,-1.9,1.4,4.4
2013-06,Residential - All Types,,,,,,
2013-06,"$585,300",178.7,0.2,3.1,-1.5,13.3,18.7
2013-06,Detached,,,,,,
2013-06,"$845,500",185.6,0.2,3.1,-2.2,16.2,24.2
2013-06,Townhouse,,,,,,
2013-06,"$406,200",155.1,-0.3,1.0,-2.0,1.6,4.8
2013-06,Apartment,,,,,,
2013-06,"$331,400",166.3,0.2,3.0,-1.2,2.3,5.0
2013-07,Residential - All Types,,,,,,
2013-07,"$587,200",179.2,0.3,3.4,0.0,14.4,21.0
2013-07,Detached,,,,,,
2013-07,"$848,200",186.2,0.3,3.6,-0.7,17.0,26.8
2013-07,Townhouse,,,,,,
2013-07,"$406,700",155.3,0.1,1.1,-0.6,2.2,5.9
2013-07,Apartment,,,,,,
2013-07,"$333,000",167.1,0.5,3.5,0.7,4.4,7.3
2013-08,Residential - All Types,,,,,,
2013-08,"$588,100",179.5,0.2,2.0,0.7,14.9,23.1
2013-08,Detached,,,,,,
2013-08,"$849,100",186.4,0.1,2.1,0.0,17.5,28.9
2013-08,Townhouse,,,,,,
2013-08,"$407,100",155.4,0.1,0.0,0.1,3.0,7.0
2013-08,Apartment,,,,,,
2013-08,"$333,400",167.3,0.1,2.0,0.8,4.8,8.5
2013-09,Residential - All Types,,,,,,
2013-09,"$589,700",180.0,0.3,2.0,1.6,15.5,25.2
2013-09,Detached,,,,,,
2013-09,"$851,500",186.9,0.3,2.0,0.8,18.0,31.3
2013-09,Townhouse,,,,,,
2013-09,"$406,900",155.4,0.0,0.3,0.9,3.7,7.8
2013-09,Apartment,,,,,,
2013-09,"$335,200",168.2,0.5,1.8,2.3,5.3,10.2
2013-10,Residential - All Types,,,,,,
2013-10,"$589,500",179.9,-0.1,1.4,2.2,15.2,28.7
2013-10,Detached,,,,,,
2013-10,"$854,900",187.6,0.4,1.4,2.1,18.1,35.2
2013-10,Townhouse,,,,,,
2013-10,"$407,800",155.7,0.2,1.1,1.1,4.1,10.6
2013-10,Apartment,,,,,,
2013-10,"$329,200",165.2,-1.8,0.2,1.1,3.5,12.2
2013-11,Residential - All Types,,,,,,
2013-11,"$591,500",180.6,0.4,1.3,3.5,15.1,32.7
2013-11,Detached,,,,,,
2013-11,"$857,600",188.2,0.3,1.6,3.5,17.9,39.0
2013-11,Townhouse,,,,,,
2013-11,"$407,600",155.6,-0.1,0.1,1.2,3.9,13.1
2013-11,Apartment,,,,,,
2013-11,"$332,200",166.7,0.9,0.4,3.0,4.1,17.1
2013-12,Residential - All Types,,,,,,
2013-12,"$591,400",180.5,-0.1,1.0,4.1,14.2,35.8
2013-12,Detached,,,,,,
2013-12,"$859,800",188.7,0.3,1.7,4.8,17.1,42.7
2013-12,Townhouse,,,,,,
2013-12,"$406,700",155.3,-0.2,0.1,1.2,3.4,15.3
2013-12,Apartment,,,,,,
2013-12,"$328,900",165.0,-1.0,-0.8,2.2,2.5,18.9
2014-01,Residential - All Types,,,,,,
2014-01,"$596,500",182.1,0.9,1.6,5.1,13.1,37.6
2014-01,Detached,,,,,,
2014-01,"$867,200",190.3,0.8,2.2,5.9,15.5,44.7
2014-01,Townhouse,,,,,,
2014-01,"$407,300",155.5,0.1,0.1,1.2,2.8,16.1
2014-01,Apartment,,,,,,
2014-01,"$332,900",167.0,1.2,-0.1,3.5,2.6,20.5
2014-02,Residential - All Types,,,,,,
2014-02,"$601,800",183.7,0.9,2.3,4.4,10.8,39.5
2014-02,Detached,,,,,,
2014-02,"$874,300",191.9,0.8,3.0,5.1,12.6,46.6
2014-02,Townhouse,,,,,,
2014-02,"$412,000",157.3,1.2,1.2,1.2,2.7,18.1
2014-02,Apartment,,,,,,
2014-02,"$337,100",169.1,1.3,1.1,3.0,2.2,22.3
2014-03,Residential - All Types,,,,,,
2014-03,"$606,300",185.1,0.8,2.8,4.9,9.6,41.0
2014-03,Detached,,,,,,
2014-03,"$882,200",193.6,0.9,3.6,5.6,11.1,48.5
2014-03,Townhouse,,,,,,
2014-03,"$413,400",157.8,0.3,1.5,1.8,2.1,19.0
2014-03,Apartment,,,,,,
2014-03,"$338,700",169.9,0.5,1.0,2.8,1.7,22.8
2014-04,Residential - All Types,,,,,,
2014-04,"$608,000",185.6,0.3,3.2,4.6,7.7,39.5
2014-04,Detached,,,,,,
2014-04,"$884,800",194.2,0.3,3.5,5.0,8.8,46.8
2014-04,Townhouse,,,,,,
2014-04,"$415,400",158.6,0.5,1.9,3.0,1.5,18.7
2014-04,Apartment,,,,,,
2014-04,"$340,400",170.8,0.5,3.4,3.6,1.7,21.5
2014-05,Residential - All Types,,,,,,
2014-05,"$609,900",186.2,0.3,3.1,4.4,6.2,38.0
2014-05,Detached,,,,,,
2014-05,"$885,700",194.4,0.1,3.3,4.9,6.6,44.8
2014-05,Townhouse,,,,,,
2014-05,"$418,100",159.6,0.6,2.6,2.6,1.6,18.6
2014-05,Apartment,,,,,,
2014-05,"$343,100",172.2,0.8,3.3,3.7,2.1,20.0
2014-06,Residential - All Types,,,,,,
2014-06,"$610,900",186.5,0.2,3.3,4.4,5.4,36.3
2014-06,Detached,,,,,,
2014-06,"$888,800",195.1,0.4,3.4,5.1,5.6,43.5
2014-06,Townhouse,,,,,,
2014-06,"$419,300",160.1,0.3,3.1,3.2,2.2,18.1
2014-06,Apartment,,,,,,
2014-06,"$341,400",171.3,-0.5,3.8,3.0,1.7,16.8
2014-07,Residential - All Types,,,,,,
2014-07,"$611,900",186.8,0.2,2.6,4.2,4.7,34.1
2014-07,Detached,,,,,,
2014-07,"$892,200",195.8,0.4,2.9,5.2,4.9,41.1
2014-07,Townhouse,,,,,,
2014-07,"$419,300",160.1,0.0,3.0,3.1,1.7,16.4
2014-07,Apartment,,,,,,
2014-07,"$340,000",170.6,-0.4,2.2,2.1,1.5,14.7
2014-08,Residential - All Types,,,,,,
2014-08,"$611,500",186.7,-0.1,1.6,4.0,4.1,31.5
2014-08,Detached,,,,,,
2014-08,"$889,900",195.3,-0.3,1.8,4.8,4.0,37.8
2014-08,Townhouse,,,,,,
2014-08,"$419,400",160.1,0.0,1.8,3.0,0.9,14.7
2014-08,Apartment,,,,,,
2014-08,"$342,400",171.8,0.7,1.6,2.7,2.4,13.8
2014-09,Residential - All Types,,,,,,
2014-09,"$615,400",187.9,0.6,1.5,4.4,5.1,29.9
2014-09,Detached,,,,,,
2014-09,"$897,400",197.0,0.9,1.8,5.4,5.3,36.2
2014-09,Townhouse,,,,,,
2014-09,"$420,800",160.7,0.4,1.8,3.4,1.8,13.5
2014-09,Apartment,,,,,,
2014-09,"$342,400",171.8,0.0,1.1,2.1,2.9,11.8
2014-10,Residential - All Types,,,,,,
2014-10,"$618,200",188.7,0.4,1.7,4.9,5.6,29.2
2014-10,Detached,,,,,,
2014-10,"$902,700",198.1,0.6,2.0,5.6,5.9,35.4
2014-10,Townhouse,,,,,,
2014-10,"$421,700",161.0,0.2,1.5,3.4,1.8,12.5
2014-10,Apartment,,,,,,
2014-10,"$343,500",172.4,0.3,0.9,4.4,4.0,11.5
2014-11,Residential - All Types,,,,,,
2014-11,"$621,800",189.8,0.6,1.9,5.1,6.3,28.5
2014-11,Detached,,,,,,
2014-11,"$908,400",199.4,0.7,2.6,6.0,6.7,34.7
2014-11,Townhouse,,,,,,
2014-11,"$421,700",161.0,0.0,0.9,3.5,2.3,11.3
2014-11,Apartment,,,,,,
2014-11,"$345,200",173.2,0.5,0.6,3.9,4.0,10.9
2014-12,Residential - All Types,,,,,,
2014-12,"$623,700",190.4,0.3,2.1,5.5,7.1,27.5
2014-12,Detached,,,,,,
2014-12,"$914,800",200.8,0.7,2.9,6.4,8.1,34.2
2014-12,Townhouse,,,,,,
2014-12,"$420,000",160.4,-0.4,0.2,3.3,3.1,9.9
2014-12,Apartment,,,,,,
2014-12,"$343,300",172.3,-0.5,0.6,4.4,3.5,9.3
2015-01,Residential - All Types,,,,,,
2015-01,"$632,900",193.2,1.5,3.4,6.1,8.3,27.3
2015-01,Detached,,,,,,
2015-01,"$930,900",204.3,1.7,4.3,7.4,9.4,33.9
2015-01,Townhouse,,,,,,
2015-01,"$423,500",161.7,0.8,1.0,4.0,4.1,9.5
2015-01,Apartment,,,,,,
2015-01,"$346,000",173.6,0.8,1.8,4.0,4.0,9.0
2015-02,Residential - All Types,,,,,,
2015-02,"$644,600",196.8,1.9,5.4,7.1,8.3,28.0
2015-02,Detached,,,,,,
2015-02,"$951,500",208.8,2.2,6.9,8.8,9.3,34.7
2015-02,Townhouse,,,,,,
2015-02,"$427,700",163.3,1.0,2.0,3.8,4.0,9.5
2015-02,Apartment,,,,,,
2015-02,"$349,700",175.5,1.1,2.2,3.8,4.5,9.2
2015-03,Residential - All Types,,,,,,
2015-03,"$658,700",201.1,2.2,7.0,8.6,9.8,28.5
2015-03,Detached,,,,,,
2015-03,"$973,600",213.7,2.3,8.5,10.4,11.2,35.1
2015-03,Townhouse,,,,,,
2015-03,"$434,600",165.9,1.6,3.2,5.1,4.4,9.8
2015-03,Apartment,,,,,,
2015-03,"$355,400",178.3,1.6,3.8,4.9,5.4,9.7
2015-04,Residential - All Types,,,,,,
2015-04,"$669,100",204.2,1.5,8.2,10.0,11.1,29.2
2015-04,Detached,,,,,,
2015-04,"$990,500",217.4,1.7,9.7,11.9,12.8,36.0
2015-04,Townhouse,,,,,,
2015-04,"$438,400",167.4,0.9,4.0,5.5,4.8,9.9
2015-04,Apartment,,,,,,
2015-04,"$359,200",180.2,1.1,4.5,5.5,6.1,10.0
2015-05,Residential - All Types,,,,,,
2015-05,"$681,600",208.1,1.9,9.6,11.8,13.9,31.4
2015-05,Detached,,,,,,
2015-05,"$1,012,400",222.2,2.2,11.4,14.3,16.2,38.4
2015-05,Townhouse,,,,,,
2015-05,"$443,300",169.3,1.1,5.2,6.1,6.3,10.8
2015-05,Apartment,,,,,,
2015-05,"$362,500",181.9,0.9,5.0,5.6,7.5,11.1
2015-06,Residential - All Types,,,,,,
2015-06,"$693,700",211.8,1.8,11.2,13.6,16.8,34.3
2015-06,Detached,,,,,,
2015-06,"$1,032,700",226.7,2.0,12.9,16.2,19.5,42.0
2015-06,Townhouse,,,,,,
2015-06,"$448,000",171.1,1.1,6.7,6.9,8.2,12.1
2015-06,Apartment,,,,,,
2015-06,"$365,200",183.2,0.7,6.3,6.9,8.8,12.7
2015-07,Residential - All Types,,,,,,
2015-07,"$703,800",214.8,1.4,11.2,15.0,19.9,37.1
2015-07,Detached,,,,,,
2015-07,"$1,051,700",230.8,1.8,13.0,17.9,23.0,45.0
2015-07,Townhouse,,,,,,
2015-07,"$450,700",172.1,0.6,6.4,7.5,10.2,13.2
2015-07,Apartment,,,,,,
2015-07,"$366,900",184.1,0.5,6.0,7.9,10.9,15.1
2015-08,Residential - All Types,,,,,,
2015-08,"$712,600",217.5,1.3,10.5,16.5,22.1,39.2
2015-08,Detached,,,,,,
2015-08,"$1,068,100",234.4,1.6,12.3,20.0,25.8,47.7
2015-08,Townhouse,,,,,,
2015-08,"$451,700",172.5,0.2,5.6,7.7,11.1,14.3
2015-08,Apartment,,,,,,
2015-08,"$369,700",185.5,0.8,5.7,8.0,11.8,16.2
2015-09,Residential - All Types,,,,,,
2015-09,"$721,200",220.1,1.2,9.4,17.1,24.2,41.2
2015-09,Detached,,,,,,
2015-09,"$1,082,200",237.5,1.3,11.1,20.6,28.0,49.9
2015-09,Townhouse,,,,,,
2015-09,"$456,500",174.3,1.0,5.1,8.5,13.2,16.4
2015-09,Apartment,,,,,,
2015-09,"$374,800",188.1,1.4,5.5,9.5,14.4,17.7
2015-10,Residential - All Types,,,,,,
2015-10,"$732,400",223.6,1.6,9.5,18.5,27.0,43.2
2015-10,Detached,,,,,,
2015-10,"$1,102,600",242.0,1.9,11.3,22.2,31.7,52.3
2015-10,Townhouse,,,,,,
2015-10,"$463,000",176.8,1.4,5.6,9.8,14.8,18.3
2015-10,Apartment,,,,,,
2015-10,"$376,900",189.1,0.5,4.9,9.7,15.7,18.5
2015-11,Residential - All Types,,,,,,
2015-11,"$743,200",226.9,1.5,9.0,19.5,30.0,44.6
2015-11,Detached,,,,,,
2015-11,"$1,121,500",246.2,1.7,10.8,23.5,35.4,54.3
2015-11,Townhouse,,,,,,
2015-11,"$466,200",178.0,0.7,5.1,10.6,15.7,18.9
2015-11,Apartment,,,,,,
2015-11,"$381,700",191.5,1.3,5.3,10.6,18.3,19.5
2015-12,Residential - All Types,,,,,,
2015-12,"$754,100",230.2,1.5,8.7,20.9,32.8,45.6
2015-12,Detached,,,,,,
2015-12,"$1,141,700",250.6,1.8,10.5,24.8,39.1,55.6
2015-12,Townhouse,,,,,,
2015-12,"$470,000",179.5,0.8,4.9,11.9,16.9,19.5
2015-12,Apartment,,,,,,
2015-12,"$383,500",192.4,0.5,5.0,11.7,19.2,19.6
2016-01,Residential - All Types,,,,,,
2016-01,"$779,200",237.9,3.3,10.8,23.1,37.3,47.8
2016-01,Detached,,,,,,
2016-01,"$1,184,200",259.9,3.7,12.6,27.2,44.6,57.8
2016-01,Townhouse,,,,,,
2016-01,"$477,200",182.2,1.5,5.9,12.7,18.6,20.5
2016-01,Apartment,,,,,,
2016-01,"$394,400",197.9,2.9,7.5,14.0,22.6,21.6
2016-02,Residential - All Types,,,,,,
2016-02,"$819,700",250.2,5.2,15.0,27.1,42.2,50.9
2016-02,Detached,,,,,,
2016-02,"$1,253,700",275.2,5.9,17.4,31.8,50.7,61.4
2016-02,Townhouse,,,,,,
2016-02,"$492,900",188.2,3.3,9.1,15.2,21.1,22.8
2016-02,Apartment,,,,,,
2016-02,"$408,700",205.1,3.6,10.6,16.9,25.0,23.9
2016-03,Residential - All Types,,,,,,
2016-03,"$851,300",259.9,3.9,18.1,29.2,47.3,53.9
2016-03,Detached,,,,,,
2016-03,"$1,305,600",286.6,4.1,20.7,34.1,56.4,64.5
2016-03,Townhouse,,,,,,
2016-03,"$513,000",195.9,4.1,12.4,18.1,26.4,26.7
2016-03,Apartment,,,,,,
2016-03,"$418,900",210.2,2.5,11.7,17.9,27.2,25.8
2016-04,Residential - All Types,,,,,,
2016-04,"$877,000",267.7,3.0,19.7,31.1,50.8,55.4
2016-04,Detached,,,,,,
2016-04,"$1,346,300",295.5,3.1,22.1,35.9,59.7,65.5
2016-04,Townhouse,,,,,,
2016-04,"$530,100",202.4,3.3,14.5,20.9,31.4,29.5
2016-04,Apartment,,,,,,
2016-04,"$429,700",215.6,2.6,14.0,19.6,30.8,28.4
2016-05,Residential - All Types,,,,,,
2016-05,"$897,800",274.1,2.4,20.8,31.7,53.7,56.4
2016-05,Detached,,,,,,
2016-05,"$1,377,500",302.3,2.3,22.8,36.0,63.1,65.8
2016-05,Townhouse,,,,,,
2016-05,"$551,500",210.6,4.1,18.3,24.4,35.4,34.1
2016-05,Apartment,,,,,,
2016-05,"$440,300",220.9,2.5,15.4,21.4,33.1,30.9
2016-06,Residential - All Types,,,,,,
2016-06,"$912,100",278.4,1.6,20.9,31.4,55.8,57.3
2016-06,Detached,,,,,,
2016-06,"$1,397,900",306.8,1.5,22.4,35.3,65.3,66.1
2016-06,Townhouse,,,,,,
2016-06,"$566,500",216.3,2.7,20.5,26.4,39.5,38.0
2016-06,Apartment,,,,,,
2016-06,"$452,000",226.8,2.7,17.9,23.8,36.4,34.7
2016-07,Residential - All Types,,,,,,
2016-07,"$919,300",280.6,0.8,17.9,30.6,56.6,57.3
2016-07,Detached,,,,,,
2016-07,"$1,411,500",309.8,1.0,19.2,34.2,66.4,65.9
2016-07,Townhouse,,,,,,
2016-07,"$575,900",219.9,1.7,20.7,27.8,41.6,39.6
2016-07,Apartment,,,,,,
2016-07,"$458,300",230.0,1.4,16.2,24.9,37.6,36.9
2016-08,Residential - All Types,,,,,,
2016-08,"$911,400",278.2,-0.9,11.2,27.9,55.0,55.1
2016-08,Detached,,,,,,
2016-08,"$1,398,000",306.8,-1.0,11.5,30.9,64.6,63.5
2016-08,Townhouse,,,,,,
2016-08,"$582,800",222.5,1.2,18.2,29.0,43.2,40.3
2016-08,Apartment,,,,,,
2016-08,"$456,900",229.3,-0.3,11.8,23.6,37.1,36.7
2016-09,Residential - All Types,,,,,,
2016-09,"$900,100",274.8,-1.2,5.7,24.9,52.7,53.7
2016-09,Detached,,,,,,
2016-09,"$1,375,800",302.0,-1.6,5.4,27.2,61.6,61.4
2016-09,Townhouse,,,,,,
2016-09,"$581,500",222.0,-0.2,13.3,27.4,42.9,40.7
2016-09,Apartment,,,,,,
2016-09,"$459,200",230.4,0.5,9.6,22.5,37.0,38.0
2016-10,Residential - All Types,,,,,,
2016-10,"$877,800",267.9,-2.5,0.1,19.8,48.9,49.9
2016-10,Detached,,,,,,
2016-10,"$1,336,900",293.4,-2.8,-0.7,21.2,56.4,56.8
2016-10,Townhouse,,,,,,
2016-10,"$577,600",220.5,-0.7,8.9,24.7,41.6,39.5
2016-10,Apartment,,,,,,
2016-10,"$454,700",228.1,-1.0,5.8,20.6,38.1,37.7
2016-11,Residential - All Types,,,,,,
2016-11,"$867,000",264.7,-1.2,-3.4,16.7,46.6,48.2
2016-11,Detached,,,,,,
2016-11,"$1,313,800",288.4,-1.7,-4.6,17.1,53.2,54.3
2016-11,Townhouse,,,,,,
2016-11,"$579,700",221.3,0.4,5.1,24.3,42.2,40.6
2016-11,Apartment,,,,,,
2016-11,"$456,800",229.2,0.5,3.8,19.7,37.5,37.7
2016-12,Residential - All Types,,,,,,
2016-12,"$858,200",262.0,-1.0,-5.9,13.8,45.2,47.4
2016-12,Detached,,,,,,
2016-12,"$1,295,200",284.3,-1.4,-7.3,13.4,50.7,53.0
2016-12,Townhouse,,,,,,
2016-12,"$578,000",220.7,-0.3,2.0,23.0,42.1,41.8
2016-12,Apartment,,,,,,
2016-12,"$460,100",230.9,0.7,1.8,20.0,39.9,38.8
2017-01,Residential - All Types,,,,,,
2017-01,"$861,000",262.8,0.3,-6.3,10.5,44.3,47.3
2017-01,Detached,,,,,,
2017-01,"$1,292,400",283.7,-0.2,-8.4,9.2,49.1,52.0
2017-01,Townhouse,,,,,,
2017-01,"$586,100",223.8,1.4,1.8,22.8,43.9,44.1
2017-01,Apartment,,,,,,
2017-01,"$471,400",236.5,2.4,2.8,19.5,41.6,41.7
2017-02,Residential - All Types,,,,,,
2017-02,"$874,000",266.8,1.5,-4.1,6.6,45.2,46.8
2017-02,Detached,,,,,,
2017-02,"$1,312,500",288.1,1.6,-6.1,4.7,50.1,50.8
2017-02,Townhouse,,,,,,
2017-02,"$596,500",227.8,1.8,2.4,21.0,44.8,45.1
2017-02,Apartment,,,,,,
2017-02,"$483,100",242.4,2.5,5.7,18.2,43.3,44.4
2017-03,Residential - All Types,,,,,,
2017-03,"$888,800",271.3,1.7,-1.3,4.4,46.6,48.2
2017-03,Detached,,,,,,
2017-03,"$1,336,000",293.2,1.8,-2.9,2.3,51.4,52.5
2017-03,Townhouse,,,,,,
2017-03,"$607,700",232.0,1.8,4.5,18.4,47.0,46.0
2017-03,Apartment,,,,,,
2017-03,"$496,500",249.1,2.8,8.1,18.5,46.6,47.2
2017-04,Residential - All Types,,,,,,
2017-04,"$907,400",277.0,2.1,3.4,3.5,49.2,50.7
2017-04,Detached,,,,,,
2017-04,"$1,363,900",299.4,2.1,2.0,1.3,54.2,55.4
2017-04,Townhouse,,,,,,
2017-04,"$620,600",237.0,2.2,7.5,17.1,49.4,48.3
2017-04,Apartment,,,,,,
2017-04,"$511,400",256.6,3.0,12.5,19.0,50.2,51.1
2017-05,Residential - All Types,,,,,,
2017-05,"$924,800",282.3,1.9,6.6,3.0,51.6,54.5
2017-05,Detached,,,,,,
2017-05,"$1,391,300",305.4,2.0,5.9,1.0,57.1,59.7
2017-05,Townhouse,,,,,,
2017-05,"$635,200",242.5,2.3,9.6,15.1,51.9,52.3
2017-05,Apartment,,,,,,
2017-05,"$524,700",263.3,2.6,14.9,19.2,52.9,55.6
2017-06,Residential - All Types,,,,,,
2017-06,"$934,400",285.2,1.0,8.9,2.4,52.9,57.2
2017-06,Detached,,,,,,
2017-06,"$1,404,500",308.3,0.9,8.4,0.5,58.0,62.5
2017-06,Townhouse,,,,,,
2017-06,"$646,400",246.8,1.8,11.8,14.1,54.2,56.0
2017-06,Apartment,,,,,,
2017-06,"$535,600",268.7,2.1,16.4,18.5,56.9,59.6
2017-07,Residential - All Types,,,,,,
2017-07,"$938,400",286.4,0.4,9.0,2.1,53.3,59.8
2017-07,Detached,,,,,,
2017-07,"$1,410,500",309.6,0.4,9.1,-0.1,58.1,65.0
2017-07,Townhouse,,,,,,
2017-07,"$659,400",251.8,2.0,12.5,14.5,57.3,61.2
2017-07,Apartment,,,,,,
2017-07,"$541,200",271.6,1.1,14.8,18.1,59.2,63.6
2017-08,Residential - All Types,,,,,,
2017-08,"$935,100",285.4,-0.3,7.0,2.6,52.9,60.2
2017-08,Detached,,,,,,
2017-08,"$1,399,400",307.2,-0.8,6.6,0.1,57.3,64.8
2017-08,Townhouse,,,,,,
2017-08,"$666,900",254.6,1.1,11.8,14.4,59.0,64.0
2017-08,Apartment,,,,,,
2017-08,"$548,200",275.1,1.3,13.5,20.0,60.1,65.8
2017-09,Residential - All Types,,,,,,
2017-09,"$932,000",284.5,-0.3,4.9,3.5,51.4,60.6
2017-09,Detached,,,,,,
2017-09,"$1,393,400",305.8,-0.5,4.3,1.3,55.2,64.9
2017-09,Townhouse,,,,,,
2017-09,"$669,500",255.6,0.4,10.2,15.1,59.1,66.0
2017-09,Apartment,,,,,,
2017-09,"$551,300",276.6,0.5,11.0,20.1,61.0,68.2
2017-10,Residential - All Types,,,,,,
2017-10,"$930,500",284.0,-0.2,2.5,6.0,50.5,61.4
2017-10,Detached,,,,,,
2017-10,"$1,387,400",304.5,-0.4,1.7,3.8,53.7,65.7
2017-10,Townhouse,,,,,,
2017-10,"$674,900",257.7,0.8,8.7,16.9,60.1,67.3
2017-10,Apartment,,,,,,
2017-10,"$558,400",280.2,1.3,9.2,22.8,62.5,71.5
2017-11,Residential - All Types,,,,,,
2017-11,"$929,300",283.7,-0.1,0.5,7.2,49.5,62.6
2017-11,Detached,,,,,,
2017-11,"$1,383,100",303.6,-0.3,-0.6,5.3,52.3,67.0
2017-11,Townhouse,,,,,,
2017-11,"$677,600",258.7,0.4,6.7,16.9,60.7,68.2
2017-11,Apartment,,,,,,
2017-11,"$562,600",282.3,0.7,7.2,23.2,63.0,74.4
2017-12,Residential - All Types,,,,,,
2017-12,"$929,500",283.7,0.0,-0.5,8.3,49.0,63.6
2017-12,Detached,,,,,,
2017-12,"$1,377,300",302.3,-0.4,-1.9,6.3,50.5,67.9
2017-12,Townhouse,,,,,,
2017-12,"$680,600",259.9,0.5,5.3,17.8,62.0,69.3
2017-12,Apartment,,,,,,
2017-12,"$570,500",286.3,1.4,6.6,24.0,66.2,77.4
2018-01,Residential - All Types,,,,,,
2018-01,"$934,500",285.3,0.6,-0.4,8.6,47.7,64.6
2018-01,Detached,,,,,,
2018-01,"$1,378,900",302.7,0.1,-2.2,6.7,48.2,68.4
2018-01,Townhouse,,,,,,
2018-01,"$682,700",260.7,0.3,3.5,16.5,61.2,69.7
2018-01,Apartment,,,,,,
2018-01,"$585,700",293.9,2.7,8.2,24.3,69.3,82.1
2018-02,Residential - All Types,,,,,,
2018-02,"$938,200",286.4,0.4,0.4,7.3,45.5,62.8
2018-02,Detached,,,,,,
2018-02,"$1,377,800",302.4,-0.1,-1.6,5.0,44.8,65.6
2018-02,Townhouse,,,,,,
2018-02,"$698,100",266.6,2.3,4.7,17.0,63.3,71.6
2018-02,Apartment,,,,,,
2018-02,"$593,900",298.0,1.4,8.3,22.9,69.8,81.6
2018-03,Residential - All Types,,,,,,
2018-03,"$940,700",287.1,0.2,0.9,5.8,42.8,62.7
2018-03,Detached,,,,,,
2018-03,"$1,371,000",300.9,-0.5,-1.6,2.6,40.8,64.2
2018-03,Townhouse,,,,,,
2018-03,"$714,600",272.9,2.4,6.8,17.6,64.5,76.1
2018-03,Apartment,,,,,,
2018-03,"$606,700",304.4,2.1,10.1,22.2,70.7,84.3
2018-04,Residential - All Types,,,,,,
2018-04,"$937,500",286.2,-0.3,0.8,3.3,40.2,61.2
2018-04,Detached,,,,,,
2018-04,"$1,369,800",300.7,-0.1,-1.2,0.4,38.3,62.5
2018-04,Townhouse,,,,,,
2018-04,"$720,900",275.3,0.9,6.8,16.2,64.5,78.8
2018-04,Apartment,,,,,,
2018-04,"$605,900",304.0,-0.1,8.5,18.5,68.7,84.5
2018-05,Residential - All Types,,,,,,
2018-05,"$931,400",284.3,-0.7,0.2,0.7,36.6,59.5
2018-05,Detached,,,,,,
2018-05,"$1,358,500",298.2,-0.8,-1.8,-2.4,34.2,60.9
2018-05,Townhouse,,,,,,
2018-05,"$723,900",276.4,0.4,6.8,14.0,63.3,77.7
2018-05,Apartment,,,,,,
2018-05,"$606,900",304.5,0.2,7.9,15.6,67.4,83.4
2018-06,Residential - All Types,,,,,,
2018-06,"$925,000",282.4,-0.7,-0.5,-1.0,33.3,58.0
2018-06,Detached,,,,,,
2018-06,"$1,354,300",297.3,-0.3,-1.7,-3.6,31.1,60.2
2018-06,Townhouse,,,,,,
2018-06,"$722,000",275.7,-0.3,6.1,11.7,61.1,77.8
2018-06,Apartment,,,,,,
2018-06,"$604,000",303.1,-0.5,5.9,12.8,65.4,82.3
2018-07,Residential - All Types,,,,,,
2018-07,"$914,700",279.2,-1.1,-2.1,-2.5,30.0,55.8
2018-07,Detached,,,,,,
2018-07,"$1,337,700",293.6,-1.2,-3.0,-5.2,27.2,57.7
2018-07,Townhouse,,,,,,
2018-07,"$719,800",274.8,-0.3,5.4,9.1,59.7,76.9
2018-07,Apartment,,,,,,
2018-07,"$601,700",301.9,-0.4,2.7,11.2,64.0,80.7
2018-08,Residential - All Types,,,,,,
2018-08,"$901,100",275.1,-1.5,-3.9,-3.6,26.5,53.3
2018-08,Detached,,,,,,
2018-08,"$1,322,400",290.3,-1.1,-4.0,-5.5,23.8,55.7
2018-08,Townhouse,,,,,,
2018-08,"$712,400",272.0,-1.0,2.0,6.8,57.7,75.0
2018-08,Apartment,,,,,,
2018-08,"$591,500",296.8,-1.7,-0.4,7.9,60.0,77.4
2018-09,Residential - All Types,,,,,,
2018-09,"$886,500",270.6,-1.6,-5.7,-4.9,22.9,50.3
2018-09,Detached,,,,,,
2018-09,"$1,301,300",285.6,-1.6,-5.1,-6.6,20.3,52.8
2018-09,Townhouse,,,,,,
2018-09,"$704,600",269.0,-1.1,-1.4,5.2,54.3,73.1
2018-09,Apartment,,,,,,
2018-09,"$582,900",292.5,-1.4,-3.9,5.7,55.5,73.9
2018-10,Residential - All Types,,,,,,
2018-10,"$876,500",267.6,-1.1,-6.5,-5.8,19.7,48.7
2018-10,Detached,,,,,,
2018-10,"$1,290,300",283.2,-0.8,-5.8,-7.0,17.0,51.0
2018-10,Townhouse,,,,,,
2018-10,"$697,200",266.2,-1.0,-3.3,3.3,50.6,71.0
2018-10,Apartment,,,,,,
2018-10,"$576,900",289.5,-1.0,-4.8,3.3,53.1,75.2
2018-11,Residential - All Types,,,,,,
2018-11,"$858,600",262.1,-2.1,-7.8,-7.6,15.5,45.1
2018-11,Detached,,,,,,
2018-11,"$1,268,300",278.4,-1.7,-6.6,-8.3,13.1,47.9
2018-11,Townhouse,,,,,,
2018-11,"$689,100",263.1,-1.2,-4.8,1.7,47.8,69.1
2018-11,Apartment,,,,,,
2018-11,"$562,500",282.2,-2.5,-7.3,0.0,47.4,69.3
2018-12,Residential - All Types,,,,,,
2018-12,"$846,900",258.5,-1.4,-8.5,-8.9,12.3,43.2
2018-12,Detached,,,,,,
2018-12,"$1,247,200",273.7,-1.7,-7.9,-9.5,9.2,45.0
2018-12,Townhouse,,,,,,
2018-12,"$677,200",258.6,-1.7,-6.2,-0.5,44.1,66.5
2018-12,Apartment,,,,,,
2018-12,"$562,200",282.1,0.0,-6.9,-1.5,46.6,71.0
2019-01,Residential - All Types,,,,,,
2019-01,"$833,700",254.5,-1.5,-8.8,-10.8,7.0,39.8
2019-01,Detached,,,,,,
2019-01,"$1,225,100",268.9,-1.8,-8.4,-11.2,3.5,41.3
2019-01,Townhouse,,,,,,
2019-01,"$668,000",255.1,-1.4,-7.2,-2.1,40.0,64.1
2019-01,Apartment,,,,,,
2019-01,"$559,700",280.8,-0.5,-7.0,-4.5,41.9,68.1
2019-02,Residential - All Types,,,,,,
2019-02,"$829,400",253.2,-0.5,-8.0,-11.6,1.2,37.8
2019-02,Detached,,,,,,
2019-02,"$1,224,100",268.7,-0.1,-7.4,-11.1,-2.4,40.0
2019-02,Townhouse,,,,,,
2019-02,"$667,100",254.7,-0.2,-6.4,-4.5,35.3,61.9
2019-02,Apartment,,,,,,
2019-02,"$557,400",279.7,-0.4,-5.8,-6.1,36.4,65.4
2019-03,Residential - All Types,,,,,,
2019-03,"$825,300",251.9,-0.5,-6.9,-12.3,-3.1,36.1
2019-03,Detached,,,,,,
2019-03,"$1,223,300",268.5,-0.1,-6.0,-10.8,-6.3,38.7
2019-03,Townhouse,,,,,,
2019-03,"$666,000",254.3,-0.2,-5.5,-6.8,29.8,61.2
2019-03,Apartment,,,,,,
2019-03,"$556,600",279.3,-0.1,-4.5,-8.2,32.9,64.4
2019-04,Residential - All Types,,,,,,
2019-04,"$821,100",250.6,-0.5,-6.4,-12.4,-6.4,35.0
2019-04,Detached,,,,,,
2019-04,"$1,222,400",268.3,-0.1,-5.3,-10.8,-9.2,38.2
2019-04,Townhouse,,,,,,
2019-04,"$671,100",256.2,0.7,-3.8,-6.9,26.6,61.5
2019-04,Apartment,,,,,,
2019-04,"$553,200",277.6,-0.6,-4.1,-8.7,28.8,62.5
2019-05,Residential - All Types,,,,,,
2019-05,"$813,000",248.2,-1.0,-5.3,-12.7,-9.4,33.3
2019-05,Detached,,,,,,
2019-05,"$1,215,600",266.8,-0.6,-4.2,-10.5,-11.7,37.2
2019-05,Townhouse,,,,,,
2019-05,"$671,500",256.4,0.1,-2.5,-7.2,21.7,60.7
2019-05,Apartment,,,,,,
2019-05,"$546,200",274.1,-1.3,-2.9,-10.0,24.1,59.2
2019-06,Residential - All Types,,,,,,
2019-06,"$809,100",247.0,-0.5,-4.4,-12.5,-11.3,32.4
2019-06,Detached,,,,,,
2019-06,"$1,213,100",266.3,-0.2,-2.7,-10.4,-13.2,36.5
2019-06,Townhouse,,,,,,
2019-06,"$667,300",254.8,-0.6,-1.5,-7.6,17.8,59.2
2019-06,Apartment,,,,,,
2019-06,"$542,900",272.4,-0.6,-3.4,-10.1,20.1,59.0
2019-07,Residential - All Types,,,,,,
2019-07,"$805,100",245.8,-0.5,-3.4,-12.0,-12.4,31.6
2019-07,Detached,,,,,,
2019-07,"$1,206,200",264.7,-0.6,-1.6,-9.8,-14.6,35.2
2019-07,Townhouse,,,,,,
2019-07,"$667,000",254.7,0.0,-0.2,-7.3,15.8,59.1
2019-07,Apartment,,,,,,
2019-07,"$540,100",271.0,-0.5,-3.5,-10.2,17.8,58.9
2019-08,Residential - All Types,,,,,,
2019-08,"$805,900",246.0,0.1,-2.8,-10.6,-11.6,31.8
2019-08,Detached,,,,,,
2019-08,"$1,208,200",265.2,0.2,-1.3,-8.6,-13.6,35.8
2019-08,Townhouse,,,,,,
2019-08,"$668,400",255.2,0.2,0.2,-6.2,14.7,59.4
2019-08,Apartment,,,,,,
2019-08,"$539,700",270.8,-0.1,-3.2,-8.8,18.1,57.6
2019-09,Residential - All Types,,,,,,
2019-09,"$807,600",246.5,0.2,-2.1,-8.9,-10.3,31.2
2019-09,Detached,,,,,,
2019-09,"$1,211,100",265.8,0.2,-1.0,-6.9,-12.0,34.9
2019-09,Townhouse,,,,,,
2019-09,"$665,100",254.0,-0.5,-0.1,-5.6,14.4,58.1
2019-09,Apartment,,,,,,
2019-09,"$541,600",271.8,0.4,-2.7,-7.1,18.0,58.2
2019-10,Residential - All Types,,,,,,
2019-10,"$811,100",247.6,0.4,-1.2,-7.5,-7.6,31.2
2019-10,Detached,,,,,,
2019-10,"$1,223,300",268.5,1.0,0.1,-5.2,-8.5,35.5
2019-10,Townhouse,,,,,,
2019-10,"$664,000",253.5,-0.2,-1.1,-4.8,15.0,57.5
2019-10,Apartment,,,,,,
2019-10,"$539,500",270.7,-0.4,-2.5,-6.5,18.7,57.0
2019-11,Residential - All Types,,,,,,
2019-11,"$813,600",248.4,0.3,0.1,-5.2,-6.2,30.9
2019-11,Detached,,,,,,
2019-11,"$1,222,000",268.2,-0.1,0.5,-3.7,-7.0,34.5
2019-11,Townhouse,,,,,,
2019-11,"$665,000",253.9,0.2,-1.0,-3.5,14.7,57.7
2019-11,Apartment,,,,,,
2019-11,"$544,700",273.3,1.0,-0.3,-3.2,19.2,57.8
2019-12,Residential - All Types,,,,,,
2019-12,"$816,600",249.3,0.4,0.9,-3.6,-4.8,30.9
2019-12,Detached,,,,,,
2019-12,"$1,225,000",268.9,0.3,1.0,-1.8,-5.4,33.9
2019-12,Townhouse,,,,,,
2019-12,"$669,800",255.7,0.7,0.4,-1.1,15.9,59.4
2019-12,Apartment,,,,,,
2019-12,"$546,400",274.2,0.3,0.7,-2.8,18.8,59.1
2020-01,Residential - All Types,,,,,,
2020-01,"$825,400",252.0,1.1,2.5,-1.0,-4.1,30.4
2020-01,Detached,,,,,,
2020-01,"$1,234,000",270.9,0.7,2.3,0.7,-4.5,32.6
2020-01,Townhouse,,,,,,
2020-01,"$675,500",257.9,0.9,1.3,1.1,15.2,59.5
2020-01,Apartment,,,,,,
2020-01,"$555,500",278.7,1.6,2.8,-0.7,17.8,60.5
2020-02,Residential - All Types,,,,,,
2020-02,"$837,200",255.6,1.4,3.9,0.9,-4.2,29.9
2020-02,Detached,,,,,,
2020-02,"$1,250,900",274.6,1.4,3.5,2.2,-4.7,31.5
2020-02,Townhouse,,,,,,
2020-02,"$679,800",259.6,0.7,1.7,1.9,14.0,59.0
2020-02,Apartment,,,,,,
2020-02,"$566,600",284.3,2.0,5.0,1.6,17.3,62.0
2020-03,Residential - All Types,,,,,,
2020-03,"$843,600",257.5,0.7,4.5,2.2,-5.1,28.0
2020-03,Detached,,,,,,
2020-03,"$1,264,800",277.6,1.1,4.4,3.4,-5.3,29.9
2020-03,Townhouse,,,,,,
2020-03,"$686,500",262.1,1.0,3.2,3.1,13.0,58.0
2020-03,Apartment,,,,,,
2020-03,"$566,800",284.4,0.0,4.6,1.8,14.2,59.5
2020-04,Residential - All Types,,,,,,
2020-04,"$842,900",257.3,-0.1,3.9,2.7,-7.1,26.0
2020-04,Detached,,,,,,
2020-04,"$1,271,100",279.0,0.5,3.9,4.0,-6.8,28.3
2020-04,Townhouse,,,,,,
2020-04,"$683,400",260.9,-0.5,2.9,1.8,10.1,55.9
2020-04,Apartment,,,,,,
2020-04,"$564,000",283.0,-0.5,4.5,1.9,10.3,57.0
2020-05,Residential - All Types,,,,,,
2020-05,"$842,400",257.1,-0.1,3.5,3.6,-8.9,23.5
2020-05,Detached,,,,,,
2020-05,"$1,271,900",279.2,0.1,4.1,4.6,-8.6,25.7
2020-05,Townhouse,,,,,,
2020-05,"$684,600",261.4,0.2,3.0,2.0,7.8,54.4
2020-05,Apartment,,,,,,
2020-05,"$563,800",282.9,0.0,3.5,3.2,7.4,55.5
2020-06,Residential - All Types,,,,,,
2020-06,"$843,900",257.6,0.2,3.3,4.3,-9.7,21.6
2020-06,Detached,,,,,,
2020-06,"$1,276,500",280.2,0.4,4.2,5.2,-9.1,23.6
2020-06,Townhouse,,,,,,
2020-06,"$686,800",262.2,0.3,2.5,2.9,6.2,53.2
2020-06,Apartment,,,,,,
2020-06,"$562,500",282.2,-0.2,2.9,3.6,5.0,54.0
2020-07,Residential - All Types,,,,,,
2020-07,"$851,600",260.0,0.9,3.2,5.8,-9.2,21.0
2020-07,Detached,,,,,,
2020-07,"$1,293,600",283.9,1.3,4.8,7.3,-8.3,23.0
2020-07,Townhouse,,,,,,
2020-07,"$693,600",264.8,1.0,2.7,4.0,5.2,53.9
2020-07,Apartment,,,,,,
2020-07,"$559,600",280.8,-0.5,0.8,3.6,3.4,52.5
2020-08,Residential - All Types,,,,,,
2020-08,"$861,200",262.9,1.1,2.9,6.9,-7.9,20.9
2020-08,Detached,,,,,,
2020-08,"$1,307,900",287.1,1.1,4.6,8.3,-6.5,22.5
2020-08,Townhouse,,,,,,
2020-08,"$695,300",265.5,0.3,2.3,4.0,4.3,53.9
2020-08,Apartment,,,,,,
2020-08,"$564,200",283.1,0.8,-0.4,4.5,2.9,52.6
2020-09,Residential - All Types,,,,,,
2020-09,"$869,300",265.4,1.0,3.1,7.7,-6.7,20.6
2020-09,Detached,,,,,,
2020-09,"$1,324,000",290.6,1.2,4.7,9.3,-5.0,22.4
2020-09,Townhouse,,,,,,
2020-09,"$698,500",266.7,0.5,1.8,5.0,4.3,53.0
2020-09,Apartment,,,,,,
2020-09,"$565,000",283.5,0.1,-0.3,4.3,2.5,50.7
2020-10,Residential - All Types,,,,,,
2020-10,"$876,200",267.5,0.8,4.0,8.0,-5.8,19.6
2020-10,Detached,,,,,,
2020-10,"$1,337,400",293.5,1.0,5.2,9.3,-3.6,21.3
2020-10,Townhouse,,,,,,
2020-10,"$702,500",268.2,0.6,2.8,5.8,4.1,51.7
2020-10,Apartment,,,,,,
2020-10,"$562,900",282.4,-0.4,-0.2,4.3,0.8,49.3
2020-11,Residential - All Types,,,,,,
2020-11,"$884,500",270.0,0.9,5.0,8.7,-4.8,19.0
2020-11,Detached,,,,,,
2020-11,"$1,355,100",297.4,1.3,6.5,10.9,-2.0,20.8
2020-11,Townhouse,,,,,,
2020-11,"$703,500",268.6,0.1,2.8,5.8,3.8,50.9
2020-11,Apartment,,,,,,
2020-11,"$563,700",282.8,0.1,0.0,3.5,0.2,47.7
2020-12,Residential - All Types,,,,,,
2020-12,"$891,700",272.2,0.8,5.7,9.2,-4.1,18.2
2020-12,Detached,,,,,,
2020-12,"$1,371,900",301.1,1.2,7.5,12.0,-0.4,20.2
2020-12,Townhouse,,,,,,
2020-12,"$705,700",269.5,0.3,2.8,5.4,3.7,50.1
2020-12,Apartment,,,,,,
2020-12,"$562,800",282.4,-0.1,0.1,3.0,-1.4,46.8
2021-01,Residential - All Types,,,,,,
2021-01,"$909,700",277.7,2.0,6.8,10.2,-2.7,16.7
2021-01,Detached,,,,,,
2021-01,"$1,405,400",308.5,2.5,8.7,13.9,1.9,18.7
2021-01,Townhouse,,,,,,
2021-01,"$711,800",271.8,0.9,2.6,5.4,4.3,49.2
2021-01,Apartment,,,,,,
2021-01,"$573,900",288.0,2.0,2.6,3.3,-2.0,45.5
2021-02,Residential - All Types,,,,,,
2021-02,"$944,200",288.2,3.8,9.6,12.8,0.6,15.2
2021-02,Detached,,,,,,
2021-02,"$1,468,300",322.3,4.5,12.3,17.4,6.6,17.1
2021-02,Townhouse,,,,,,
2021-02,"$740,200",282.6,4.0,6.4,8.9,6.0,50.2
2021-02,Apartment,,,,,,
2021-02,"$585,900",294.0,2.1,3.9,3.4,-1.3,43.3
2021-03,Residential - All Types,,,,,,
2021-03,"$988,600",301.8,4.7,13.7,17.2,5.1,16.1
2021-03,Detached,,,,,,
2021-03,"$1,542,000",338.5,5.0,16.5,21.9,12.5,18.1
2021-03,Townhouse,,,,,,
2021-03,"$775,000",295.9,4.7,10.9,12.9,8.4,51.0
2021-03,Apartment,,,,,,
2021-03,"$603,300",302.7,3.0,6.8,6.4,-0.6,44.0
2021-04,Residential - All Types,,,,,,
2021-04,"$1,014,900",309.8,2.7,15.8,20.4,8.2,15.7
2021-04,Detached,,,,,,
2021-04,"$1,579,900",346.8,2.5,18.2,24.3,15.3,17.4
2021-04,Townhouse,,,,,,
2021-04,"$802,300",306.3,3.5,14.2,17.4,11.3,51.3
2021-04,Apartment,,,,,,
2021-04,"$615,700",308.9,2.0,9.4,9.2,1.6,43.3
2021-05,Residential - All Types,,,,,,
2021-05,"$1,026,400",313.3,1.1,16.0,21.9,10.2,14.3
2021-05,Detached,,,,,,
2021-05,"$1,600,000",351.2,1.3,18.1,25.8,17.8,16.2
2021-05,Townhouse,,,,,,
2021-05,"$817,600",312.2,1.9,16.2,19.4,13.0,48.2
2021-05,Apartment,,,,,,
2021-05,"$617,200",309.7,0.3,9.5,9.5,1.7,40.2
2021-06,Residential - All Types,,,,,,
2021-06,"$1,027,500",313.6,0.1,15.2,21.7,11.0,12.6
2021-06,Detached,,,,,,
2021-06,"$1,596,400",350.4,-0.2,16.4,25.1,17.9,14.2
2021-06,Townhouse,,,,,,
2021-06,"$825,200",315.1,0.9,16.9,20.2,14.3,45.7
2021-06,Apartment,,,,,,
2021-06,"$619,200",310.7,0.3,10.0,10.1,2.5,37.0
2021-07,Residential - All Types,,,,,,
2021-07,"$1,025,700",313.1,-0.2,12.7,20.4,12.1,11.6
2021-07,Detached,,,,,,
2021-07,"$1,589,500",348.9,-0.4,13.1,22.9,18.8,12.6
2021-07,Townhouse,,,,,,
2021-07,"$829,000",316.5,0.4,16.4,19.5,15.2,43.9
2021-07,Apartment,,,,,,
2021-07,"$618,200",310.2,-0.2,7.7,10.5,2.7,34.9
2021-08,Residential - All Types,,,,,,
2021-08,"$1,033,900",315.6,0.8,9.5,20.0,14.7,13.4
2021-08,Detached,,,,,,
2021-08,"$1,605,400",352.4,1.0,9.3,22.7,21.4,14.9
2021-08,Townhouse,,,,,,
2021-08,"$835,400",319.0,0.8,12.9,20.2,17.3,43.4
2021-08,Apartment,,,,,,
2021-08,"$621,400",311.8,0.5,6.1,10.1,5.1,36.0
2021-09,Residential - All Types,,,,,,
2021-09,"$1,047,600",319.8,1.3,6.0,20.5,18.2,16.4
2021-09,Detached,,,,,,
2021-09,"$1,630,500",357.9,1.6,5.7,23.2,25.3,18.5
2021-09,Townhouse,,,,,,
2021-09,"$848,400",323.9,1.5,9.5,21.4,20.4,45.9
2021-09,Apartment,,,,,,
2021-09,"$626,600",314.4,0.8,3.9,10.9,7.5,36.5
2021-10,Residential - All Types,,,,,,
2021-10,"$1,065,300",325.2,1.7,5.0,21.6,21.5,21.4
2021-10,Detached,,,,,,
2021-10,"$1,664,900",365.4,2.1,5.4,24.5,29.0,24.5
2021-10,Townhouse,,,,,,
2021-10,"$862,400",329.3,1.7,7.5,22.8,23.7,49.3
2021-10,Apartment,,,,,,
2021-10,"$633,300",317.8,1.1,2.9,12.5,9.8,39.3
2021-11,Residential - All Types,,,,,,
2021-11,"$1,085,400",331.3,1.9,5.7,22.7,26.4,25.2
2021-11,Detached,,,,,,
2021-11,"$1,702,500",373.7,2.3,6.4,25.7,34.2,29.6
2021-11,Townhouse,,,,,,
2021-11,"$885,600",338.1,2.7,8.3,25.9,28.5,52.8
2021-11,Apartment,,,,,,
2021-11,"$641,300",321.8,1.3,3.9,13.8,14.0,40.4
2021-12,Residential - All Types,,,,,,
2021-12,"$1,107,300",338.0,2.0,7.8,24.2,30.8,29.0
2021-12,Detached,,,,,,
2021-12,"$1,743,700",382.7,2.4,9.2,27.1,39.8,34.6
2021-12,Townhouse,,,,,,
2021-12,"$905,800",345.9,2.3,9.8,28.3,33.8,56.7
2021-12,Apartment,,,,,,
2021-12,"$649,200",325.7,1.2,4.8,15.3,15.5,41.1
2022-01,Residential - All Types,,,,,,
2022-01,"$1,153,700",352.2,4.2,12.5,26.8,38.4,34.0
2022-01,Detached,,,,,,
2022-01,"$1,819,900",399.5,4.4,14.5,29.5,48.6,40.8
2022-01,Townhouse,,,,,,
2022-01,"$948,400",362.1,4.7,14.4,33.2,41.9,61.8
2022-01,Apartment,,,,,,
2022-01,"$676,500",339.4,4.2,9.4,17.8,20.9,43.5
2022-02,Residential - All Types,,,,,,
2022-02,"$1,207,100",368.5,4.6,16.8,27.9,45.5,38.1
2022-02,Detached,,,,,,
2022-02,"$1,903,700",417.8,4.6,18.6,29.6,55.5,45.0
2022-02,Townhouse,,,,,,
2022-02,"$1,003,200",383.0,5.8,20.1,35.5,50.4,68.1
2022-02,Apartment,,,,,,
2022-02,"$704,700",353.6,4.2,13.4,20.3,26.4,45.9
2022-03,Residential - All Types,,,,,,
2022-03,"$1,233,800",376.6,2.2,17.8,24.8,49.5,38.8
2022-03,Detached,,,,,,
2022-03,"$1,941,500",426.1,2.0,19.1,25.9,58.7,45.3
2022-03,Townhouse,,,,,,
2022-03,"$1,036,800",395.9,3.4,22.2,33.8,55.7,70.6
2022-03,Apartment,,,,,,
2022-03,"$722,600",362.6,2.5,15.3,19.8,29.8,45.6
2022-04,Residential - All Types,,,,,,
2022-04,"$1,231,600",375.9,-0.2,15.6,21.3,50.0,35.7
2022-04,Detached,,,,,,
2022-04,"$1,935,900",424.9,-0.3,16.3,22.5,58.4,41.9
2022-04,Townhouse,,,,,,
2022-04,"$1,039,600",396.9,0.3,20.5,29.6,54.9,67.5
2022-04,Apartment,,,,,,
2022-04,"$726,000",364.3,0.5,14.6,17.9,31.2,42.0
2022-05,Residential - All Types,,,,,,
2022-05,"$1,219,000",372.1,-1.0,12.3,18.8,49.9,31.8
2022-05,Detached,,,,,,
2022-05,"$1,912,100",419.7,-1.2,12.3,19.5,57.3,37.4
2022-05,Townhouse,,,,,,
2022-05,"$1,030,300",393.4,-0.9,16.4,26.0,53.4,62.2
2022-05,Apartment,,,,,,
2022-05,"$726,900",364.7,0.1,13.3,17.8,33.1,38.5
2022-06,Residential - All Types,,,,,,
2022-06,"$1,189,700",363.2,-2.4,7.5,15.8,47.0,27.3
2022-06,Detached,,,,,,
2022-06,"$1,866,000",409.6,-2.4,7.0,16.9,53.8,32.9
2022-06,Townhouse,,,,,,
2022-06,"$1,005,000",383.7,-2.5,10.9,21.8,50.6,55.5
2022-06,Apartment,,,,,,
2022-06,"$713,900",358.2,-1.8,10.0,15.3,31.5,33.3
2022-07,Residential - All Types,,,,,,
2022-07,"$1,158,800",353.7,-2.6,0.4,13.0,43.9,23.5
2022-07,Detached,,,,,,
2022-07,"$1,809,200",397.1,-3.1,-0.6,13.8,50.0,28.3
2022-07,Townhouse,,,,,,
2022-07,"$986,100",376.5,-1.9,4.0,19.0,47.8,49.5
2022-07,Apartment,,,,,,
2022-07,"$701,900",352.2,-1.7,3.8,13.5,30.0,29.7
2022-08,Residential - All Types,,,,,,
2022-08,"$1,124,300",343.2,-3.0,-6.9,8.7,39.5,20.3
2022-08,Detached,,,,,,
2022-08,"$1,747,200",383.5,-3.4,-8.2,8.8,44.6,24.8
2022-08,Townhouse,,,,,,
2022-08,"$954,700",364.5,-3.2,-4.8,14.3,42.8,43.2
2022-08,Apartment,,,,,,
2022-08,"$687,800",345.1,-2.0,-2.4,10.7,27.4,25.4
2022-09,Residential - All Types,,,,,,
2022-09,"$1,096,900",334.8,-2.4,-11.1,4.7,35.8,17.7
2022-09,Detached,,,,,,
2022-09,"$1,697,700",372.6,-2.8,-12.6,4.1,40.2,21.8
2022-09,Townhouse,,,,,,
2022-09,"$935,000",357.0,-2.1,-9.8,10.2,40.6,39.7
2022-09,Apartment,,,,,,
2022-09,"$676,500",339.4,-1.7,-6.4,8.0,24.9,22.7
2022-10,Residential - All Types,,,,,,
2022-10,"$1,087,000",331.8,-0.9,-11.7,2.0,34.0,16.8
2022-10,Detached,,,,,,
2022-10,"$1,678,800",368.5,-1.1,-13.3,0.8,37.2,21.0
2022-10,Townhouse,,,,,,
2022-10,"$926,400",353.7,-0.9,-10.9,7.4,39.5,37.3
2022-10,Apartment,,,,,,
2022-10,"$674,500",338.4,-0.3,-7.1,6.5,25.0,20.8
2022-11,Residential - All Types,,,,,,
2022-11,"$1,068,800",326.3,-1.7,-12.3,-1.5,31.4,15.0
2022-11,Detached,,,,,,
2022-11,"$1,645,300",361.1,-2.0,-14.0,-3.4,34.6,18.9
2022-11,Townhouse,,,,,,
2022-11,"$913,600",348.8,-1.4,-11.3,3.2,37.4,34.8
2022-11,Apartment,,,,,,
2022-11,"$667,500",334.9,-1.0,-8.2,4.1,22.5,18.6
2022-12,Residential - All Types,,,,,,
2022-12,"$1,051,200",320.9,-1.7,-11.6,-5.1,28.7,13.1
2022-12,Detached,,,,,,
2022-12,"$1,614,600",354.4,-1.9,-13.5,-7.4,31.8,17.2
2022-12,Townhouse,,,,,,
2022-12,"$899,900",343.6,-1.5,-10.5,-0.7,34.4,32.2
2022-12,Apartment,,,,,,
2022-12,"$659,100",330.7,-1.3,-7.7,1.5,20.6,15.5
2023-01,Residential - All Types,,,,,,
2023-01,"$1,047,700",319.8,-0.3,-9.6,-9.2,26.9,12.1
2023-01,Detached,,,,,,
2023-01,"$1,597,000",350.5,-1.1,-11.7,-12.3,29.4,15.8
2023-01,Townhouse,,,,,,
2023-01,"$901,600",344.3,0.2,-8.6,-4.9,33.5,32.1
2023-01,Apartment,,,,,,
2023-01,"$666,600",334.5,1.1,-5.0,-1.4,20.0,13.8
2023-02,Residential - All Types,,,,,,
2023-02,"$1,062,600",324.4,1.4,-5.5,-12.0,26.9,13.3
2023-02,Detached,,,,,,
2023-02,"$1,622,100",356.0,1.6,-7.2,-14.8,29.6,17.7
2023-02,Townhouse,,,,,,
2023-02,"$918,900",350.9,1.9,-3.7,-8.4,35.2,31.6
2023-02,Apartment,,,,,,
2023-02,"$674,500",338.4,1.2,-1.9,-4.3,19.0,13.6
2023-03,Residential - All Types,,,,,,
2023-03,"$1,076,600",328.6,1.3,-1.9,-12.7,27.6,14.5
2023-03,Detached,,,,,,
2023-03,"$1,650,200",362.2,1.7,-2.8,-15.0,30.5,20.4
2023-03,Townhouse,,,,,,
2023-03,"$929,100",354.8,1.1,-0.6,-10.4,35.4,30.0
2023-03,Apartment,,,,,,
2023-03,"$681,100",341.7,1.0,0.7,-5.8,20.1,12.3
2023-04,Residential - All Types,,,,,,
2023-04,"$1,106,300",337.7,2.8,1.8,-10.2,31.2,18.0
2023-04,Detached,,,,,,
2023-04,"$1,704,400",374.1,3.3,1.5,-12.0,34.1,24.4
2023-04,Townhouse,,,,,,
2023-04,"$951,400",363.3,2.4,2.7,-8.5,39.2,32.0
2023-04,Apartment,,,,,,
2023-04,"$696,500",349.5,2.3,3.3,-4.1,23.5,15.0
2023-05,Residential - All Types,,,,,,
2023-05,"$1,123,300",342.9,1.5,5.1,-7.8,33.4,20.6
2023-05,Detached,,,,,,
2023-05,"$1,739,700",381.8,2.1,5.7,-9.0,36.7,28.0
2023-05,Townhouse,,,,,,
2023-05,"$958,600",366.0,0.7,4.9,-7.0,40.0,32.4
2023-05,Apartment,,,,,,
2023-05,"$705,300",353.9,1.3,5.7,-3.0,25.1,16.2
2023-06,Residential - All Types,,,,,,
2023-06,"$1,140,900",348.3,1.6,8.5,-4.1,35.2,23.3
2023-06,Detached,,,,,,
2023-06,"$1,776,800",390.0,2.1,10.0,-4.8,39.2,31.2
2023-06,Townhouse,,,,,,
2023-06,"$976,300",372.8,1.9,8.5,-2.8,42.2,35.2
2023-06,Apartment,,,,,,
2023-06,"$712,700",357.6,1.0,8.1,-0.2,26.7,18.0
2023-07,Residential - All Types,,,,,,
2023-07,"$1,147,700",350.3,0.6,9.5,-1.0,34.7,25.5
2023-07,Detached,,,,,,
2023-07,"$1,796,800",394.4,1.1,12.5,-0.7,38.9,34.3
2023-07,Townhouse,,,,,,
2023-07,"$981,300",374.7,0.5,8.8,-0.5,41.5,36.4
2023-07,Apartment,,,,,,
2023-07,"$716,900",359.7,0.6,7.5,2.1,28.1,19.1
2023-08,Residential - All Types,,,,,,
2023-08,"$1,143,700",349.1,-0.3,7.6,1.7,32.8,26.9
2023-08,Detached,,,,,,
2023-08,"$1,796,700",394.4,0.0,10.8,2.8,37.4,35.9
2023-08,Townhouse,,,,,,
2023-08,"$979,300",373.9,-0.2,6.6,2.6,40.8,37.5
2023-08,Apartment,,,,,,
2023-08,"$715,300",358.9,-0.2,6.1,4.0,26.8,20.9
2023-09,Residential - All Types,,,,,,
2023-09,"$1,137,900",347.3,-0.5,5.7,3.7,30.9,28.3
2023-09,Detached,,,,,,
2023-09,"$1,793,100",393.6,-0.2,8.7,5.6,35.4,37.8
2023-09,Townhouse,,,,,,
2023-09,"$977,900",373.4,-0.1,5.2,4.6,40.0,38.8
2023-09,Apartment,,,,,,
2023-09,"$712,300",357.4,-0.4,4.6,5.3,26.1,22.2
2023-10,Residential - All Types,,,,,,
2023-10,"$1,128,600",344.5,-0.8,2.0,3.8,28.8,28.7
2023-10,Detached,,,,,,
2023-10,"$1,775,000",389.6,-1.0,4.1,5.7,32.7,37.6
2023-10,Townhouse,,,,,,
2023-10,"$976,500",372.9,-0.1,2.6,5.4,39.0,40.1
2023-10,Apartment,,,,,,
2023-10,"$713,300",357.9,0.1,2.4,5.8,26.7,23.6
2023-11,Residential - All Types,,,,,,
2023-11,"$1,117,400",341.1,-1.0,-0.5,4.5,26.3,30.1
2023-11,Detached,,,,,,
2023-11,"$1,759,200",386.1,-0.9,1.1,6.9,29.8,38.7
2023-11,Townhouse,,,,,,
2023-11,"$969,200",370.1,-0.8,1.1,6.1,37.8,40.7
2023-11,Apartment,,,,,,
2023-11,"$707,500",355.0,-0.8,0.3,6.0,25.5,25.8
2023-12,Residential - All Types,,,,,,
2023-12,"$1,101,900",336.4,-1.4,-3.4,4.8,23.6,30.1
2023-12,Detached,,,,,,
2023-12,"$1,742,000",382.4,-1.0,-1.9,7.9,27.0,39.7
2023-12,Townhouse,,,,,,
2023-12,"$953,800",364.2,-1.6,-2.3,6.0,35.1,40.8
2023-12,Apartment,,,,,,
2023-12,"$697,100",349.8,-1.5,-2.2,5.8,23.9,24.0
2024-01,Residential - All Types,,,,,,
2024-01,"$1,103,600",336.9,0.1,-3.8,5.3,21.3,32.4
2024-01,Detached,,,,,,
2024-01,"$1,737,700",381.4,-0.3,-3.3,8.8,23.6,41.8
2024-01,Townhouse,,,,,,
2024-01,"$954,900",364.6,0.1,-2.7,5.9,34.1,42.9
2024-01,Apartment,,,,,,
2024-01,"$706,300",354.4,1.3,-1.5,5.9,23.1,26.2
2024-02,Residential - All Types,,,,,,
2024-02,"$1,117,800",341.2,1.3,-2.3,5.2,18.4,34.8
2024-02,Detached,,,,,,
2024-02,"$1,764,000",387.2,1.5,-1.8,8.8,20.1,44.1
2024-02,Townhouse,,,,,,
2024-02,"$972,600",371.4,1.9,-0.7,5.8,31.4,45.8
2024-02,Apartment,,,,,,
2024-02,"$713,400",358.0,1.0,-0.3,5.8,21.8,28.0
2024-03,Residential - All Types,,,,,,
2024-03,"$1,132,200",345.6,1.3,-0.5,5.2,14.5,37.2
2024-03,Detached,,,,,,
2024-03,"$1,803,600",395.9,2.2,0.6,9.3,17.0,47.4
2024-03,Townhouse,,,,,,
2024-03,"$988,300",377.4,1.6,1.1,6.4,27.5,48.4
2024-03,Apartment,,,,,,
2024-03,"$719,800",361.2,0.9,1.1,5.7,19.3,29.3
2024-04,Residential - All Types,,,,,,
2024-04,"$1,137,300",347.2,0.5,0.8,2.8,12.1,38.5
2024-04,Detached,,,,,,
2024-04,"$1,816,800",398.8,0.7,2.4,6.6,15.0,48.6
2024-04,Townhouse,,,,,,
2024-04,"$998,200",381.1,1.0,2.2,4.9,24.4,48.8
2024-04,Apartment,,,,,,
2024-04,"$722,700",362.6,0.4,1.3,3.7,17.4,30.6
2024-05,Residential - All Types,,,,,,
2024-05,"$1,140,600",348.2,0.3,2.1,1.5,11.1,40.3
2024-05,Detached,,,,,,
2024-05,"$1,834,800",402.7,1.0,4.3,5.5,14.7,50.9
2024-05,Townhouse,,,,,,
2024-05,"$1,003,600",383.2,0.6,3.5,4.7,22.7,49.5
2024-05,Apartment,,,,,,
2024-05,"$721,200",361.9,-0.2,1.9,2.3,16.9,32.0
2024-06,Residential - All Types,,,,,,
2024-06,"$1,136,100",346.8,-0.4,3.1,-0.4,10.6,40.4
2024-06,Detached,,,,,,
2024-06,"$1,834,100",402.6,0.0,5.3,3.2,14.9,51.2
2024-06,Townhouse,,,,,,
2024-06,"$998,400",381.2,-0.5,4.7,2.3,21.0,49.6
2024-06,Apartment,,,,,,
2024-06,"$718,200",360.4,-0.4,3.0,0.8,16.0,32.3
2024-07,Residential - All Types,,,,,,
2024-07,"$1,129,300",344.7,-0.6,2.3,-1.6,10.1,40.2
2024-07,Detached,,,,,,
2024-07,"$1,828,600",401.4,-0.3,5.2,1.8,15.0,51.6
2024-07,Townhouse,,,,,,
2024-07,"$990,500",378.2,-0.8,3.7,0.9,19.5,48.5
2024-07,Apartment,,,,,,
2024-07,"$714,400",358.5,-0.5,1.2,-0.3,15.6,32.3
2024-08,Residential - All Types,,,,,,
2024-08,"$1,126,200",343.8,-0.3,0.8,-1.5,8.9,39.8
2024-08,Detached,,,,,,
2024-08,"$1,826,500",400.9,-0.1,3.5,1.6,13.8,51.2
2024-08,Townhouse,,,,,,
2024-08,"$986,500",376.7,-0.4,1.4,0.7,18.1,47.6
2024-08,Apartment,,,,,,
2024-08,"$713,300",357.9,-0.2,0.0,-0.3,14.8,32.2
2024-09,Residential - All Types,,,,,,
2024-09,"$1,110,900",339.1,-1.4,-1.9,-2.4,6.0,37.6
2024-09,Detached,,,,,,
2024-09,"$1,802,500",395.6,-1.3,-0.1,0.5,10.5,48.8
2024-09,Townhouse,,,,,,
2024-09,"$970,200",370.4,-1.7,-1.9,-0.8,14.4,45.8
2024-09,Apartment,,,,,,
2024-09,"$708,400",355.4,-0.7,-1.6,-0.6,13.0,30.8
2024-10,Residential - All Types,,,,,,
2024-10,"$1,103,600",336.9,-0.6,-3.0,-2.2,3.6,36.1
2024-10,Detached,,,,,,
2024-10,"$1,785,600",391.9,-0.9,-1.7,0.6,7.3,46.0
2024-10,Townhouse,,,,,,
2024-10,"$974,300",372.0,0.4,-2.4,-0.2,13.0,46.7
2024-10,Apartment,,,,,,
2024-10,"$704,500",353.5,-0.5,-2.5,-1.2,11.2,30.6
2024-11,Residential - All Types,,,,,,
2024-11,"$1,103,100",336.7,-0.1,-3.3,-1.3,1.6,35.5
2024-11,Detached,,,,,,
2024-11,"$1,781,000",390.9,-0.3,-2.9,1.2,4.6,45.7
2024-11,Townhouse,,,,,,
2024-11,"$981,000",374.6,0.7,-2.2,1.2,10.8,47.5
2024-11,Apartment,,,,,,
2024-11,"$699,800",351.1,-0.7,-3.0,-1.1,9.1,28.5
2024-12,Residential - All Types,,,,,,
2024-12,"$1,101,300",336.2,-0.1,-3.1,-0.1,-0.5,34.9
2024-12,Detached,,,,,,
2024-12,"$1,781,100",390.9,0.0,-2.9,2.2,2.1,45.4
2024-12,Townhouse,,,,,,
2024-12,"$976,400",372.8,-0.5,-2.2,2.4,7.8,45.8
2024-12,Apartment,,,,,,
2024-12,"$696,900",349.7,-0.4,-3.0,0.0,7.4,27.5
2025-01,Residential - All Types,,,,,,
2025-01,"$1,102,400",336.5,0.1,-2.4,-0.1,-4.5,33.5
2025-01,Detached,,,,,,
2025-01,"$1,787,800",392.4,0.4,-2.2,2.9,-1.8,44.9
2025-01,Townhouse,,,,,,
2025-01,"$971,100",370.8,-0.5,-2.0,1.7,2.4,43.8
2025-01,Apartment,,,,,,
2025-01,"$695,700",349.1,-0.2,-2.6,-1.5,2.9,25.3
